CustomerID,Age,Gender,JobCategory,AnnualIncome,AccountBalance,LoanAmount,LoanDuration,CreditScore,Defaulted
1,46,Male,Job1,54324,6122,6874,25,359,0
2,32,Male,Job2,58900,9055,6204,40,499,0
3,59,Female,Job2,48964,12306,6927,4,771,0
4,69,Male,Job2,56625,9433,6220,24,447,0
5,65,Male,Job2,38481,4710,7408,36,608,1
6,28,Female,Job3,52836,8169,6935,3,615,1
7,37,Female,Job2,62821,5327,3870,24,808,1
8,48,Male,Job1,47260,17052,7021,41,338,0
9,53,Female,Job4,54010,11831,4375,27,727,0
10,18,Female,Job5,46792,9099,5666,16,803,0
11,59,Male,Job2,67261,5856,1193,20,581,0
12,42,Female,Job2,55400,7705,3073,12,658,0
13,23,Female,Job4,51708,7325,5530,1,353,0
14,34,Male,Job5,56841,10963,6039,27,831,0
15,70,Male,Job5,55838,9155,2691,29,347,0
16,37,Female,Job1,38524,4507,6472,14,694,0
17,62,Female,Job2,59617,18604,7547,21,538,0
18,62,Male,Job3,44727,5025,5376,29,481,1
19,52,Male,Job1,46938,10035,405,10,448,0
20,67,Female,Job2,47197,11090,6058,32,498,0
21,21,Female,Job2,37304,7353,5001,22,728,0
22,65,Male,Job3,33577,3761,3795,6,427,0
23,64,Female,Job4,53058,7888,4553,-5,732,0
24,58,Male,Job5,49871,5948,8066,18,665,0
25,64,Male,Job1,23706,17861,3023,12,444,0
26,44,Male,Job4,46421,13936,8015,10,683,1
27,20,Male,Job5,45996,1383,6479,10,489,0
28,36,Female,Job2,59074,12903,9777,16,496,0
29,37,Male,Job2,59345,10531,4375,19,675,0
30,55,Male,Job5,59679,7330,6086,9,703,1
31,57,Female,Job5,53018,-826,5057,28,796,0
32,26,Female,Job5,50361,12287,4597,33,798,0
33,60,Female,Job3,50973,7212,7112,30,737,0
34,42,Female,Job3,33923,5913,5091,23,741,0
35,58,Male,Job3,35957,8296,4785,33,844,0
36,64,Male,Job2,42881,10301,3112,29,654,1
37,21,Female,Job3,55561,2439,6694,39,579,0
38,45,Female,Job1,49635,15884,9230,5,802,0
39,35,Male,Job4,34827,8784,3956,32,507,0
40,43,Male,Job2,74007,5569,6244,21,530,0
41,33,Male,Job2,48318,11001,4032,15,640,0
42,29,Female,Job2,40862,10312,5064,39,742,0
43,54,Male,Job3,35644,-1393,5266,37,734,0
44,29,Male,Job3,57524,1378,3776,15,417,0
45,31,Female,Job1,71874,8169,7564,20,450,0
46,39,Male,Job3,55050,2105,6365,24,812,1
47,57,Female,Job2,45918,5360,8590,12,520,1
48,27,Female,Job3,47130,867,7947,15,373,0
49,54,Female,Job5,42185,5512,4943,23,567,1
50,63,Male,Job2,40817,11419,5668,24,636,0
51,68,Male,Job3,73791,19604,5099,15,748,0
52,61,Female,Job2,38175,9211,3549,37,473,0
53,67,Female,Job3,50357,7341,4623,17,629,0
54,57,Male,Job5,39945,1870,6500,18,750,0
55,18,Female,Job4,52820,10076,5616,42,440,1
56,49,Male,Job1,47328,5444,2480,33,469,0
57,41,Female,Job4,48357,9173,5999,50,314,1
58,63,Male,Job1,64117,7846,4402,44,501,0
59,63,Male,Job3,47539,6972,6569,-4,439,0
60,28,Female,Job4,42089,5986,3956,20,682,0
61,49,Female,Job4,59709,16545,5825,36,808,0
62,34,Male,Job5,62122,3921,2153,35,767,0
63,62,Male,Job5,53736,9740,5718,27,354,1
64,68,Male,Job5,59546,6643,6620,30,603,0
65,31,Female,Job4,44810,6323,6334,17,448,0
66,45,Female,Job5,58345,17065,2048,29,533,0
67,56,Male,Job3,51865,15585,400,-5,352,1
68,52,Male,Job3,59267,4059,3929,39,844,1
69,29,Female,Job1,42063,11174,3747,26,792,1
70,23,Male,Job2,48068,8880,5121,31,650,0
71,56,Male,Job5,37818,11230,3159,32,710,0
72,23,Female,Job5,38450,10560,4240,9,656,0
73,66,Female,Job4,46892,11168,4950,17,820,1
74,39,Female,Job3,53828,7378,5928,28,626,0
75,51,Female,Job5,28538,-718,4568,27,321,0
76,50,Male,Job5,56490,8784,6691,17,456,0
77,67,Female,Job2,71667,3767,9419,16,629,0
78,60,Male,Job3,55197,12337,4193,12,682,0
79,51,Female,Job4,39155,6236,7513,26,585,1
80,32,Male,Job3,44448,12812,5602,14,422,0
81,58,Male,Job3,55941,16682,4096,33,730,0
82,42,Female,Job4,58355,13644,495,30,671,1
83,32,Female,Job3,50238,18979,5595,23,798,1
84,31,Female,Job5,48543,11464,3678,43,605,1
85,70,Male,Job1,32465,13608,7464,23,781,0
86,36,Male,Job1,60213,14697,4480,47,488,0
87,35,Male,Job5,29556,6953,6398,45,341,0
88,55,Female,Job1,41205,12561,3103,26,527,0
89,26,Female,Job1,41230,18353,4911,29,595,0
90,44,Female,Job5,47737,18768,4663,-7,421,0
91,36,Male,Job4,72516,16062,8555,23,378,0
92,44,Male,Job5,62893,14471,8025,28,475,0
93,57,Female,Job1,38501,5559,7233,-9,642,1
94,50,Male,Job3,30766,3187,3084,34,371,0
95,55,Male,Job5,54795,8939,6172,28,326,0
96,39,Male,Job4,39523,6951,5975,8,627,0
97,25,Female,Job3,48396,9153,4948,22,475,0
98,57,Female,Job2,36130,10817,6644,24,306,0
99,56,Female,Job2,45533,9291,7046,12,439,1
100,35,Male,Job2,48329,11761,8079,14,839,0
101,41,Female,Job1,37412,4873,6116,31,318,0
102,37,Male,Job2,43328,10490,3954,31,694,1
103,54,Female,Job2,48061,9016,6765,20,704,0
104,26,Female,Job5,63857,13762,5967,29,477,1
105,27,Male,Job2,53265,10437,5915,3,618,0
106,67,Male,Job5,53107,7671,6025,27,392,1
107,51,Male,Job2,70093,7576,3517,15,533,1
108,61,Female,Job5,58311,15240,1371,26,498,1
109,23,Female,Job5,46366,-758,2291,20,712,0
110,35,Male,Job3,59202,12065,6741,19,366,0
111,70,Male,Job3,66982,11175,7034,24,328,0
112,33,Male,Job3,60785,14333,7002,38,464,0
113,50,Female,Job4,38001,9568,3634,-10,732,1
114,28,Male,Job4,60437,3192,4803,30,675,0
115,28,Female,Job1,59129,11761,5465,31,649,0
116,64,Male,Job5,48963,13426,3840,30,410,0
117,55,Male,Job3,59082,8431,3103,18,510,0
118,56,Male,Job2,48902,10940,7781,6,725,0
119,34,Female,Job5,38995,12049,6282,45,639,1
120,22,Female,Job2,39960,12840,5764,44,651,0
121,55,Female,Job2,44374,12844,6974,19,310,1
122,59,Female,Job4,42981,18102,4054,12,330,0
123,59,Female,Job4,60801,9202,1843,21,800,0
124,32,Male,Job3,52250,9466,3705,26,527,0
125,43,Male,Job2,56520,4229,3192,31,438,0
126,55,Male,Job4,47585,13055,5199,18,441,0
127,68,Male,Job3,36904,6426,3766,18,612,1
128,70,Female,Job5,47923,1370,3886,29,569,0
129,56,Male,Job1,51262,13991,6295,0,786,0
130,66,Male,Job4,44200,6366,6126,14,460,0
131,45,Female,Job2,51192,10837,5911,16,711,0
132,43,Male,Job5,38267,5826,3596,19,523,0
133,70,Female,Job5,59104,16240,6001,15,333,1
134,21,Female,Job5,38906,5443,3434,52,612,0
135,65,Female,Job2,63726,2419,5703,37,625,0
136,69,Male,Job4,55925,9219,3891,52,615,0
137,42,Female,Job5,44640,8303,6936,27,444,0
138,34,Female,Job2,57879,9203,3693,23,595,0
139,43,Female,Job5,44822,9086,4901,21,708,0
140,62,Female,Job2,48640,7278,4202,10,464,0
141,51,Female,Job4,58724,16988,4846,37,766,0
142,70,Male,Job3,62267,15211,7405,18,457,0
143,53,Female,Job5,47273,8784,6810,25,454,0
144,37,Female,Job3,37262,24732,1920,28,343,0
145,20,Male,Job4,53153,4644,1957,22,450,0
146,30,Male,Job5,46316,3543,5019,36,601,0
147,68,Male,Job2,46497,12316,5803,3,727,1
148,51,Male,Job3,47304,15160,5990,26,430,0
149,30,Female,Job4,46165,9028,1060,30,509,0
150,26,Female,Job5,42515,12027,3019,10,361,0
151,40,Female,Job1,31034,14087,5008,39,748,0
152,65,Female,Job5,54718,6751,4233,25,652,1
153,66,Male,Job2,58372,16225,8184,12,816,0
154,27,Female,Job2,31893,11502,5323,30,722,0
155,58,Female,Job3,24899,15837,7247,33,358,1
156,46,Female,Job2,60228,6833,4308,17,846,0
157,43,Female,Job1,47428,5017,6517,26,457,1
158,48,Female,Job5,54561,15481,4488,15,792,0
159,56,Male,Job4,51014,16955,4779,34,677,0
160,21,Male,Job5,30060,8932,5669,3,444,0
161,28,Female,Job1,65270,10014,4566,25,458,1
162,27,Female,Job5,77336,10265,1568,43,555,0
163,69,Female,Job2,55241,11516,525,20,308,0
164,47,Female,Job5,50706,12586,6445,31,654,0
165,65,Male,Job4,65364,9948,5289,23,451,1
166,22,Male,Job5,54563,9526,4289,17,469,0
167,52,Female,Job3,47523,11469,6582,37,748,1
168,64,Male,Job5,59482,16567,2920,22,323,0
169,57,Male,Job4,54184,12431,5740,32,519,0
170,57,Female,Job2,54652,5505,8065,18,765,0
171,52,Female,Job1,45814,6402,5342,36,647,0
172,66,Female,Job3,32075,9204,5180,22,498,0
173,26,Female,Job3,49183,12421,4693,20,502,0
174,41,Female,Job4,51231,4486,6454,17,475,0
175,61,Female,Job1,28986,10424,5342,-12,309,0
176,44,Male,Job1,53075,12844,7486,31,349,1
177,63,Male,Job5,59703,11339,5551,18,631,1
178,20,Male,Job4,38580,12405,2049,27,622,0
179,57,Female,Job1,47608,6432,5352,22,434,0
180,48,Male,Job5,51807,11004,12272,29,439,0
181,19,Female,Job2,63525,5832,1951,11,607,1
182,39,Female,Job4,28610,6399,4944,22,775,0
183,28,Female,Job4,31799,12621,3079,24,707,1
184,61,Male,Job4,64221,10055,7359,23,460,0
185,25,Female,Job1,41474,12213,5545,18,496,1
186,58,Male,Job5,48202,12368,4533,0,410,0
187,51,Male,Job1,41568,7308,3634,0,571,0
188,19,Female,Job5,40098,18263,7094,23,772,0
189,59,Male,Job1,67518,8528,7397,25,462,0
190,28,Female,Job5,43971,7548,4190,40,342,0
191,52,Male,Job5,62872,16369,3506,23,324,0
192,44,Male,Job5,47808,15902,6671,25,839,0
193,28,Male,Job4,59963,9012,2871,27,590,0
194,43,Female,Job4,39146,12418,4315,11,801,0
195,42,Male,Job5,55814,-1872,7710,7,793,0
196,40,Male,Job3,47584,11448,5107,19,727,0
197,64,Female,Job1,47050,13042,1893,41,337,0
198,29,Male,Job4,48613,1897,3808,40,420,0
199,43,Female,Job3,59096,16571,7286,14,351,0
200,46,Male,Job1,47702,13172,5453,20,355,0
201,51,Male,Job5,44877,7904,4589,25,535,0
202,30,Male,Job4,56257,7555,7897,32,596,0
203,54,Female,Job5,44077,13036,3114,17,575,0
204,67,Female,Job2,42630,14754,5499,13,770,0
205,65,Male,Job2,49388,6799,3933,24,750,1
206,51,Male,Job5,45028,17490,6839,30,615,0
207,38,Female,Job4,54321,-936,5033,30,427,0
208,41,Female,Job1,59778,5373,3938,57,844,0
209,52,Female,Job5,51208,1519,4203,37,724,0
210,24,Male,Job2,52494,17770,5393,31,662,0
211,47,Male,Job2,50673,15538,7513,20,670,0
212,56,Male,Job2,48232,12051,4699,30,558,0
213,43,Male,Job2,59871,11785,8503,33,382,1
214,33,Female,Job1,52811,10122,3857,34,617,0
215,28,Male,Job2,69028,15716,3478,25,384,0
216,25,Male,Job4,47572,18189,3871,15,603,0
217,70,Female,Job2,40882,10519,796,42,550,1
218,21,Female,Job3,36721,15953,5467,52,506,0
219,60,Male,Job4,50232,6495,5712,33,607,0
220,22,Male,Job1,33365,7967,4573,22,582,0
221,50,Male,Job4,55697,15699,8292,17,619,1
222,47,Male,Job4,42111,14241,6756,25,702,1
223,54,Male,Job1,52057,5860,6390,23,533,0
224,68,Female,Job1,53429,16082,3213,26,619,0
225,22,Male,Job5,42440,9078,3965,27,450,0
226,59,Male,Job4,59190,12691,2859,19,743,0
227,59,Male,Job4,65341,10068,3770,24,816,0
228,29,Female,Job3,60631,1883,-106,29,667,0
229,30,Male,Job3,42910,8104,5918,52,619,0
230,24,Male,Job1,68540,5744,-850,21,664,0
231,43,Female,Job4,56824,3566,3631,0,405,0
232,33,Male,Job1,41223,970,4797,11,594,0
233,50,Male,Job2,40197,15501,3075,69,498,0
234,64,Female,Job4,73940,6534,2971,12,405,0
235,40,Female,Job2,66527,8954,4848,15,818,1
236,18,Male,Job5,70181,10033,7316,3,718,0
237,61,Male,Job4,50669,4884,3923,38,504,1
238,27,Male,Job2,77364,2649,3103,24,610,1
239,36,Male,Job2,39870,17714,6938,35,624,1
240,55,Female,Job1,52716,12652,2266,22,448,1
241,63,Female,Job2,48910,13649,2458,14,536,0
242,21,Female,Job4,49427,12267,6519,19,436,0
243,44,Male,Job4,39410,10840,6838,31,388,1
244,54,Male,Job4,46734,18012,3036,26,552,0
245,26,Female,Job1,53300,5071,3415,25,609,0
246,36,Male,Job1,49995,1635,3096,0,764,1
247,48,Male,Job3,58181,15902,5380,2,788,0
248,34,Female,Job2,54282,18907,3682,13,837,0
249,62,Female,Job3,24960,10156,5568,27,610,0
250,58,Female,Job2,51204,10622,4826,24,800,0
251,57,Male,Job3,58078,17670,7944,13,835,0
252,63,Male,Job1,56021,10743,4768,12,300,0
253,70,Male,Job3,41348,3412,-1358,34,480,0
254,48,Male,Job4,48466,12861,8086,24,390,0
255,57,Male,Job1,47595,5720,3746,27,308,0
256,28,Female,Job1,49392,15223,3918,29,713,0
257,61,Female,Job5,55328,5112,2185,52,571,0
258,68,Male,Job4,57644,17007,5004,38,557,0
259,38,Female,Job2,41439,3561,3078,24,490,1
260,52,Male,Job5,33176,19826,5130,23,325,0
261,59,Female,Job3,56530,8712,4985,25,679,0
262,20,Female,Job1,59302,14370,4590,9,344,0
263,49,Male,Job4,54051,10961,3248,35,583,1
264,24,Female,Job1,52040,12385,6358,25,378,0
265,25,Female,Job2,41772,12609,3943,26,843,1
266,50,Male,Job4,37231,15284,4407,35,541,0
267,56,Female,Job5,47735,10637,3638,12,339,0
268,55,Male,Job3,39839,11767,6559,7,310,0
269,62,Female,Job1,43427,7604,8822,14,429,0
270,22,Female,Job3,52939,10263,2238,27,842,0
271,67,Male,Job5,56200,14161,4902,36,342,0
272,41,Male,Job4,57796,13695,7801,34,675,0
273,63,Female,Job3,54549,16598,5816,38,760,0
274,55,Female,Job4,36965,11603,5452,17,781,0
275,42,Female,Job4,44355,5745,3700,36,571,1
276,48,Male,Job1,43028,10539,2813,27,847,0
277,70,Male,Job2,60378,10255,4537,40,613,0
278,55,Female,Job5,65601,14116,7275,15,800,0
279,20,Female,Job1,35397,8613,3401,26,530,1
280,46,Female,Job3,30603,4517,3438,25,617,0
281,28,Female,Job4,55265,4690,9318,18,479,0
282,25,Male,Job2,66603,10078,5174,26,802,0
283,24,Male,Job3,46361,5317,4386,32,509,0
284,42,Male,Job1,49689,6336,3826,25,490,0
285,22,Female,Job4,46363,10538,5930,35,388,1
286,24,Female,Job4,62418,8963,5055,24,782,0
287,28,Female,Job1,33313,-1586,5719,22,365,0
288,20,Female,Job5,56132,16780,1433,41,339,0
289,43,Female,Job5,50434,17551,3152,25,471,0
290,68,Male,Job5,51165,9020,4738,3,451,0
291,46,Male,Job3,44213,15256,7484,48,620,1
292,50,Female,Job1,37353,9802,6520,25,799,0
293,33,Female,Job2,48825,11929,7790,18,836,0
294,32,Female,Job2,45148,9983,5609,47,643,0
295,19,Female,Job4,60230,14571,3888,24,541,0
296,30,Female,Job4,51483,14710,2879,12,554,0
297,37,Female,Job3,49705,18032,1913,13,736,0
298,43,Female,Job3,58758,12327,4030,35,783,0
299,31,Female,Job4,51348,8729,6352,13,424,0
300,21,Female,Job4,50840,17489,5795,42,522,0
301,61,Male,Job5,58931,13454,7879,38,357,0
302,32,Female,Job3,48615,12205,6362,34,473,0
303,40,Female,Job4,47484,4934,1984,20,500,0
304,60,Female,Job4,55490,9133,4474,19,741,0
305,69,Female,Job2,66555,1456,5872,4,539,0
306,49,Female,Job4,36727,8370,4998,32,444,0
307,36,Female,Job1,48674,-12,7037,25,498,0
308,66,Male,Job4,29245,6646,2924,14,438,0
309,23,Female,Job1,56027,13334,1790,25,632,0
310,29,Male,Job4,54861,422,4830,8,745,0
311,21,Male,Job1,70449,8427,2302,10,393,0
312,69,Male,Job1,43105,3771,1201,13,361,0
313,57,Male,Job5,53789,3601,3530,21,550,0
314,30,Female,Job5,53894,-1045,4786,19,599,0
315,25,Male,Job1,62121,13698,6333,8,443,1
316,20,Female,Job5,51136,10148,6042,22,774,0
317,59,Female,Job5,39621,14716,4987,4,530,0
318,63,Male,Job1,65067,20615,6931,10,692,1
319,59,Male,Job3,45232,4567,6504,25,574,0
320,33,Female,Job1,62916,6984,4821,27,634,0
321,43,Male,Job2,62961,11719,5254,24,504,0
322,45,Female,Job5,61144,6695,6653,-5,392,1
323,42,Female,Job5,51773,4568,4764,63,725,0
324,24,Male,Job3,47124,16943,3581,38,482,0
325,59,Female,Job3,64568,6005,5590,47,554,0
326,64,Male,Job1,58501,16537,4540,27,526,0
327,59,Male,Job2,46169,14776,2914,44,807,0
328,21,Male,Job4,43786,11716,7597,20,647,1
329,22,Male,Job3,72090,8507,6085,41,708,1
330,34,Male,Job2,60792,9355,5947,16,620,0
331,38,Female,Job2,61268,13699,6612,35,309,0
332,60,Male,Job1,51464,10115,8169,2,654,0
333,64,Female,Job2,39557,13225,4969,29,314,0
334,60,Female,Job3,53112,3493,1080,39,693,0
335,50,Male,Job3,59527,3487,5121,30,705,1
336,22,Male,Job5,48630,4502,3355,34,583,0
337,19,Female,Job1,51579,8766,5411,18,438,0
338,37,Female,Job1,59468,8112,4330,23,727,1
339,44,Male,Job1,61619,12461,3560,42,563,0
340,35,Male,Job5,51117,10847,2970,27,336,0
341,31,Male,Job1,37452,14552,7514,31,668,0
342,58,Female,Job4,50041,13332,8466,8,743,0
343,42,Male,Job3,31129,7415,10413,21,483,0
344,63,Female,Job3,68109,8118,6067,7,687,0
345,35,Female,Job2,62467,5435,970,29,775,0
346,66,Male,Job1,38293,8605,7770,47,326,1
347,25,Male,Job1,41801,7699,3281,35,490,0
348,30,Male,Job2,39611,5587,6320,4,778,1
349,54,Male,Job5,46204,12680,4156,18,499,1
350,26,Male,Job2,52471,13056,4978,23,764,0
351,36,Female,Job2,50978,16727,3708,3,820,0
352,32,Female,Job3,46312,5862,6912,39,531,0
353,67,Male,Job1,64281,12441,6158,14,772,0
354,23,Female,Job4,37331,14102,5123,14,743,0
355,24,Female,Job4,42685,14399,5645,11,375,1
356,41,Male,Job5,47638,6761,7137,19,422,0
357,26,Female,Job5,49359,22037,2475,29,612,0
358,31,Female,Job1,65850,12894,4530,18,726,0
359,38,Female,Job2,55684,9781,4515,15,529,0
360,57,Female,Job3,39887,6210,2324,25,347,0
361,66,Female,Job3,38392,14840,6908,4,431,0
362,29,Female,Job1,66386,12520,6075,24,709,0
363,43,Female,Job5,50010,15818,4628,23,493,0
364,70,Male,Job4,56599,19385,3368,34,542,0
365,31,Male,Job5,44959,13100,7485,10,450,0
366,19,Female,Job3,67607,17960,1410,28,591,0
367,23,Male,Job5,47012,751,4815,18,559,0
368,21,Male,Job4,49300,5781,2113,33,750,0
369,34,Male,Job2,47609,11574,5285,38,576,0
370,64,Male,Job1,50480,7703,5057,30,319,0
371,50,Male,Job5,49438,14236,3502,25,817,1
372,38,Male,Job5,35987,10239,2993,30,510,0
373,61,Male,Job2,45925,12202,6437,5,720,0
374,62,Male,Job1,60456,11690,3071,17,775,1
375,51,Female,Job1,27884,4350,7297,16,374,0
376,18,Male,Job1,51003,9383,6408,17,621,0
377,65,Male,Job2,38281,5466,7020,36,429,0
378,63,Female,Job2,69943,12150,2396,27,738,0
379,33,Female,Job5,42595,8266,8420,13,379,1
380,34,Male,Job5,31527,4717,4472,17,479,1
381,60,Male,Job3,46336,11496,2283,35,341,0
382,20,Male,Job4,66781,-1112,1991,17,695,0
383,34,Male,Job2,46355,4431,2946,11,423,0
384,38,Female,Job1,52316,7341,3757,37,809,0
385,55,Male,Job5,43650,206,5366,46,594,1
386,62,Male,Job4,39408,16438,4227,29,442,0
387,55,Male,Job3,46334,12766,5814,21,795,0
388,60,Male,Job1,36629,14410,5941,42,844,1
389,19,Female,Job4,63054,15920,4152,21,661,0
390,56,Male,Job5,50549,9001,4639,19,789,0
391,68,Male,Job2,38434,1356,6505,24,662,0
392,20,Male,Job1,48121,754,6771,18,528,0
393,32,Female,Job2,32846,12589,5539,24,352,0
394,59,Female,Job5,47191,18994,7823,23,397,0
395,30,Male,Job1,53602,8738,9744,33,747,1
396,44,Male,Job1,42787,7514,3161,23,674,0
397,50,Female,Job5,55203,2860,3138,29,716,0
398,65,Male,Job4,56193,11699,5605,15,460,0
399,45,Male,Job2,50597,13511,6980,38,843,0
400,24,Male,Job5,63419,6000,7457,24,491,0
401,60,Male,Job4,67610,13650,5817,25,833,0
402,58,Male,Job4,45706,12681,3329,15,786,1
403,47,Female,Job1,57105,14288,6083,33,741,1
404,57,Male,Job2,47700,5091,3892,4,823,0
405,61,Male,Job2,38045,5122,5205,31,346,1
406,57,Male,Job2,65433,11649,5728,25,466,0
407,35,Female,Job5,52379,17490,-827,32,699,0
408,64,Female,Job2,57672,13977,2604,24,554,0
409,58,Male,Job3,28901,14092,8453,37,464,0
410,47,Female,Job1,56415,10285,7109,31,360,0
411,70,Male,Job4,35695,9273,6991,23,672,0
412,66,Female,Job2,44967,7700,2103,8,753,0
413,27,Female,Job4,48191,7598,599,16,770,0
414,35,Male,Job5,40301,6589,5949,34,739,0
415,28,Male,Job5,59286,12316,4397,28,731,0
416,30,Male,Job3,62245,9788,10186,14,587,0
417,65,Female,Job3,41467,19071,5357,39,588,0
418,49,Male,Job3,53880,16950,3191,13,332,1
419,19,Male,Job4,37024,4651,6444,23,794,0
420,43,Male,Job5,42643,9855,6095,17,429,0
421,42,Male,Job5,51969,6797,6617,28,597,0
422,31,Male,Job2,62833,10376,5565,21,659,0
423,59,Female,Job4,47893,7364,8260,22,746,1
424,48,Male,Job1,48469,10929,3142,14,555,0
425,67,Female,Job5,48010,9168,6551,27,602,0
426,62,Female,Job1,56560,12524,8574,35,360,0
427,60,Male,Job1,51675,1338,1549,41,518,0
428,58,Female,Job3,54150,18206,-204,32,529,1
429,62,Female,Job3,47059,6439,6023,30,663,0
430,48,Male,Job4,45906,7541,11499,22,370,0
431,37,Female,Job3,41783,14053,3961,44,312,0
432,46,Female,Job1,45230,14963,2915,17,629,0
433,66,Male,Job3,59040,9473,5064,15,542,0
434,24,Male,Job1,62138,9559,5857,26,646,0
435,62,Male,Job1,58652,13343,6796,17,694,1
436,28,Male,Job5,38707,2599,7669,22,689,0
437,58,Female,Job5,60701,6431,5624,38,687,0
438,37,Male,Job2,48574,8103,4212,29,690,1
439,66,Male,Job5,41275,9198,9126,44,500,0
440,24,Male,Job4,33869,13534,2139,28,645,0
441,55,Male,Job2,50751,16085,2368,31,658,1
442,34,Female,Job1,54281,7948,4951,19,448,0
443,23,Female,Job3,51331,12392,3541,31,448,0
444,52,Female,Job4,28589,11750,4268,1,347,0
445,30,Male,Job4,40936,12162,7805,36,666,0
446,47,Male,Job4,46356,6591,5251,16,607,0
447,68,Female,Job5,35588,11294,4826,30,612,0
448,38,Male,Job5,41016,-1901,8339,34,653,0
449,47,Male,Job1,54188,10387,6229,26,716,0
450,28,Female,Job5,43753,7386,9302,26,587,0
451,45,Male,Job1,60137,8256,4827,5,558,0
452,68,Male,Job5,49540,10653,6164,33,627,1
453,51,Male,Job3,37846,7845,2479,44,470,1
454,60,Female,Job4,41189,15161,5073,19,403,0
455,28,Female,Job5,59074,13654,5218,22,659,0
456,47,Female,Job5,24440,4745,2893,28,754,0
457,28,Male,Job4,71576,8147,5721,43,318,0
458,33,Male,Job4,45409,2736,3008,23,346,0
459,35,Female,Job2,40069,13791,2136,40,683,0
460,47,Female,Job5,68669,9443,6558,23,844,0
461,34,Female,Job1,45826,11061,5292,32,757,0
462,30,Female,Job1,59735,9148,4674,10,514,0
463,46,Male,Job3,44805,12842,5621,0,578,0
464,22,Female,Job1,68311,16439,7737,33,465,1
465,24,Male,Job3,47856,12477,6154,25,630,0
466,63,Female,Job5,46732,14881,4132,17,593,0
467,68,Male,Job3,42860,12984,7235,16,648,0
468,67,Male,Job1,29618,15147,4457,22,521,0
469,62,Female,Job4,44936,7991,4793,13,742,0
470,60,Female,Job4,56719,17177,4449,3,637,0
471,48,Male,Job3,62255,7737,6813,24,457,0
472,37,Male,Job5,39747,14622,4943,36,397,0
473,36,Female,Job1,52913,943,4639,7,755,0
474,52,Female,Job3,44082,727,4669,41,772,0
475,47,Female,Job4,57488,13358,3827,41,641,0
476,32,Male,Job3,66724,9181,4079,35,595,1
477,32,Female,Job3,58395,4543,4878,12,343,0
478,62,Male,Job4,67179,15192,8152,36,331,0
479,20,Female,Job4,33541,-162,2843,19,678,0
480,19,Male,Job2,32764,13375,6912,30,483,0
481,25,Female,Job5,66781,10929,6891,11,654,1
482,67,Female,Job2,56279,17177,6552,32,573,0
483,52,Female,Job2,37699,14636,5980,24,607,0
484,42,Male,Job2,52063,11740,4487,17,494,0
485,49,Male,Job5,67433,1117,2996,19,456,0
486,63,Female,Job1,52346,13230,5720,12,344,0
487,19,Female,Job4,57607,11671,3523,23,728,0
488,54,Female,Job4,46614,4033,5420,53,409,0
489,23,Male,Job1,47897,6442,4454,-2,585,1
490,54,Female,Job4,50059,4446,2066,42,614,0
491,27,Male,Job1,64260,11157,886,9,496,1
492,25,Female,Job3,50142,8381,7221,21,574,0
493,21,Female,Job3,45593,8959,5749,9,455,0
494,35,Male,Job3,52704,2757,3237,20,811,0
495,52,Male,Job3,39252,12363,4878,6,323,1
496,60,Female,Job2,36573,16352,2613,21,458,1
497,42,Male,Job2,48283,10231,5025,45,579,0
498,65,Female,Job3,37555,5901,6086,26,634,0
499,48,Male,Job2,41025,7800,6314,26,743,0
500,54,Female,Job2,49726,7093,3723,28,610,0
501,58,Female,Job1,63485,10054,6365,26,735,0
502,49,Male,Job1,47210,8210,5411,23,820,0
503,27,Male,Job5,60251,8000,4049,22,589,0
504,61,Female,Job1,51180,16774,10369,29,321,0
505,34,Male,Job4,46221,353,6981,37,412,0
506,36,Female,Job2,47858,6840,5844,35,564,0
507,40,Female,Job3,54078,6110,3093,26,766,0
508,27,Male,Job4,53173,-284,2136,43,447,0
509,47,Male,Job2,53696,6250,5856,8,397,0
510,21,Male,Job1,14481,14781,2263,21,303,0
511,22,Male,Job2,49750,13763,4808,17,757,0
512,27,Male,Job1,60215,11829,6088,31,662,0
513,34,Male,Job2,56116,-1110,7162,37,717,0
514,44,Female,Job1,41264,7497,4916,5,741,0
515,49,Male,Job4,69158,10146,10138,39,734,0
516,25,Female,Job4,60758,10225,4354,19,544,0
517,42,Female,Job2,60407,11439,5848,23,710,0
518,35,Female,Job4,48737,15538,7867,19,598,1
519,56,Male,Job5,48384,-2660,4177,14,618,0
520,19,Female,Job4,38974,-3026,5002,27,713,0
521,55,Female,Job3,57169,12714,5679,19,820,0
522,45,Female,Job2,69114,8336,3593,34,342,0
523,54,Female,Job3,42824,8511,5073,16,621,0
524,24,Male,Job1,47161,8056,8992,10,836,0
525,31,Female,Job4,51815,11918,2960,30,521,0
526,23,Female,Job1,50509,-5422,5482,13,564,1
527,66,Male,Job1,51601,9836,3670,29,828,1
528,42,Female,Job2,63206,19920,1033,26,404,0
529,24,Male,Job1,29925,9504,9257,6,378,0
530,64,Male,Job4,61405,-406,4436,22,492,0
531,60,Male,Job4,60774,14682,6240,19,721,1
532,67,Female,Job5,46989,2490,-59,38,712,0
533,35,Female,Job4,49841,6436,5556,39,332,1
534,68,Female,Job2,52949,7907,482,19,351,0
535,31,Male,Job3,40844,1957,8005,13,486,0
536,56,Male,Job4,50511,7143,3641,22,835,0
537,23,Female,Job4,40816,11585,6589,-1,649,0
538,58,Female,Job3,54059,16851,6118,19,594,0
539,24,Male,Job1,40152,11237,4169,40,536,0
540,38,Male,Job5,46936,18366,5173,24,391,0
541,69,Female,Job5,52768,11509,2653,48,704,0
542,46,Female,Job1,56799,7446,2806,2,821,0
543,63,Male,Job2,51374,1851,5933,23,360,1
544,47,Male,Job3,32231,10413,5695,-8,722,0
545,67,Female,Job3,60458,8792,6183,20,711,1
546,49,Female,Job2,34996,10058,4758,31,634,0
547,59,Female,Job2,52859,8011,1020,52,628,1
548,55,Male,Job4,54456,5724,5153,12,835,0
549,45,Female,Job1,77115,12995,5165,11,303,0
550,18,Male,Job5,50316,12081,1902,35,463,0
551,60,Male,Job5,50237,17915,5992,33,583,0
552,39,Male,Job4,63859,9327,6392,34,723,0
553,58,Male,Job2,47899,5959,3777,18,333,0
554,29,Male,Job5,55256,14135,1084,18,429,0
555,23,Male,Job3,49074,8911,6934,13,347,0
556,59,Female,Job4,35433,13606,6507,27,666,0
557,28,Female,Job5,66074,23771,9912,27,805,0
558,52,Female,Job2,45877,481,4949,24,546,0
559,42,Male,Job1,41999,4117,1973,26,823,0
560,29,Male,Job2,45170,14787,7443,-3,496,0
561,52,Male,Job4,57124,-1185,3461,20,710,0
562,49,Female,Job4,71299,9179,4573,0,610,1
563,22,Male,Job1,49740,2465,2555,36,803,0
564,45,Female,Job5,47325,7490,3925,5,667,0
565,57,Female,Job3,44739,11238,2945,18,478,0
566,38,Male,Job3,48455,3238,7350,28,582,0
567,43,Female,Job1,58619,17990,5117,35,668,0
568,20,Female,Job4,51432,9991,2524,16,498,0
569,19,Female,Job4,61954,10363,5959,26,522,0
570,59,Female,Job4,45928,2607,3302,34,736,0
571,33,Female,Job1,38665,5733,3791,35,554,0
572,37,Female,Job3,48172,16975,7260,27,597,1
573,64,Male,Job3,48827,4667,4353,28,418,1
574,38,Male,Job5,51429,12221,3670,24,643,0
575,50,Male,Job2,43743,7966,6907,55,467,0
576,32,Male,Job3,38467,11326,4313,19,515,0
577,62,Female,Job4,42965,15288,3908,14,655,0
578,59,Male,Job4,55680,8953,7585,39,363,0
579,25,Female,Job1,52888,10482,6316,32,640,0
580,27,Female,Job5,51756,10593,4326,43,395,1
581,30,Female,Job3,55803,9382,5244,3,530,0
582,37,Male,Job4,44870,10606,1893,19,550,0
583,56,Male,Job1,50149,6968,1560,26,804,0
584,63,Male,Job3,59116,1011,2931,22,712,0
585,53,Male,Job2,48924,8527,5599,25,833,1
586,64,Male,Job2,73236,12707,6609,-17,589,0
587,66,Male,Job5,38178,12878,5992,18,644,0
588,36,Female,Job5,63360,7657,3663,23,758,0
589,68,Female,Job1,55781,6268,1998,28,431,0
590,53,Female,Job5,52877,8267,7463,12,471,1
591,26,Male,Job4,54588,11115,5728,6,502,0
592,56,Male,Job5,48683,14927,5911,33,787,0
593,41,Female,Job1,50050,10383,3506,32,452,0
594,34,Female,Job1,55311,7562,4787,10,812,0
595,26,Female,Job4,42613,9390,2746,41,439,0
596,62,Male,Job5,66503,14163,5530,21,761,0
597,69,Female,Job3,58862,9141,4234,23,694,0
598,42,Female,Job3,62689,8027,3382,8,696,0
599,30,Female,Job2,64950,4104,5092,24,744,0
600,58,Male,Job4,50704,7773,7824,-4,328,0
601,39,Male,Job4,59109,16814,5303,16,604,0
602,45,Female,Job1,50946,4466,8114,30,767,0
603,43,Male,Job2,39502,11786,7648,28,536,0
604,51,Male,Job4,57867,13161,1925,28,371,0
605,30,Male,Job3,52191,8464,4470,38,725,1
606,70,Male,Job1,58150,18205,1827,21,606,0
607,61,Male,Job5,50630,14321,5063,31,548,0
608,59,Male,Job3,51004,8877,3164,20,373,0
609,20,Female,Job2,64962,17148,3350,45,826,1
610,53,Male,Job5,53818,16835,4503,26,351,0
611,42,Male,Job4,46783,11144,5251,20,799,0
612,25,Female,Job1,66232,-474,3828,21,703,0
613,29,Male,Job1,54632,14560,1011,21,733,0
614,57,Female,Job5,53479,10580,5036,10,631,0
615,33,Male,Job2,52854,9871,1479,-2,564,0
616,58,Female,Job2,50905,11254,5664,18,368,1
617,29,Male,Job4,50078,9199,2152,48,806,0
618,52,Female,Job2,61418,6982,4846,35,768,0
619,51,Male,Job5,47935,9307,3710,12,368,0
620,56,Female,Job2,51464,9580,7356,40,320,0
621,66,Female,Job1,48379,6527,3392,44,725,0
622,22,Female,Job2,38814,19713,6164,20,770,0
623,30,Male,Job1,50551,10226,2129,13,739,0
624,52,Male,Job1,50955,11633,5234,4,691,0
625,46,Female,Job2,51914,16287,3362,14,833,0
626,63,Male,Job2,47554,15546,2506,38,811,0
627,31,Female,Job5,60773,14286,6293,2,383,1
628,65,Male,Job2,57771,3805,6949,38,361,1
629,55,Male,Job5,29973,-441,7448,19,530,0
630,28,Male,Job3,36120,20613,4455,15,461,1
631,52,Male,Job2,68168,15758,4816,19,489,1
632,53,Female,Job1,36558,11337,3772,30,545,0
633,23,Female,Job4,48090,8315,10471,25,393,0
634,41,Male,Job4,47462,7622,6264,8,443,0
635,68,Female,Job5,45666,4052,4106,15,391,0
636,43,Female,Job2,44956,8563,5134,28,669,0
637,40,Female,Job5,38065,9261,4969,35,378,1
638,48,Male,Job3,58883,9067,7800,50,737,0
639,44,Male,Job1,63796,14807,6632,29,734,1
640,69,Male,Job4,41941,10561,5586,32,370,0
641,63,Male,Job4,56302,9246,3783,32,366,0
642,52,Male,Job3,35437,6251,3161,20,676,0
643,41,Female,Job2,47586,5668,4750,3,418,0
644,68,Female,Job4,38760,19052,9778,28,578,0
645,66,Female,Job3,41565,10885,44,37,571,0
646,53,Female,Job2,43888,6254,6195,33,805,0
647,32,Male,Job4,46785,10183,2143,10,304,0
648,47,Female,Job2,67906,20491,5830,29,721,0
649,32,Female,Job3,47046,4854,4109,51,658,1
650,37,Male,Job4,39003,7086,5778,27,760,0
651,52,Male,Job3,49719,15829,5409,16,537,0
652,63,Female,Job4,65195,16253,5239,30,804,0
653,51,Male,Job2,54385,9088,4854,31,627,0
654,44,Male,Job5,49284,10132,4821,45,688,0
655,22,Female,Job3,37784,3352,5485,28,387,0
656,37,Female,Job1,38448,10928,6257,18,708,0
657,63,Male,Job3,44873,10930,3253,22,777,0
658,49,Male,Job1,55079,13406,5309,0,700,0
659,48,Female,Job3,34012,9617,3399,20,421,0
660,64,Female,Job5,56407,7224,2210,22,364,1
661,52,Male,Job1,62264,11091,6198,12,679,0
662,66,Male,Job1,44478,15191,2652,35,617,0
663,51,Male,Job2,55383,6237,10098,21,467,0
664,21,Female,Job2,59565,3866,3481,24,625,0
665,49,Female,Job2,38497,7422,5388,33,405,0
666,36,Male,Job2,54597,5021,4113,24,781,0
667,66,Female,Job1,53260,5848,2168,31,792,0
668,47,Male,Job4,24445,15636,1106,30,377,0
669,51,Female,Job2,50539,6034,5690,7,798,1
670,41,Male,Job1,59961,10145,6191,37,505,0
671,33,Female,Job4,26105,622,7271,10,459,0
672,47,Male,Job3,46958,13305,6651,38,373,0
673,23,Male,Job4,47316,13768,3867,32,849,0
674,23,Male,Job1,41094,17252,8980,25,784,0
675,22,Male,Job2,49055,12164,7760,-1,312,0
676,31,Female,Job1,55605,9293,1433,20,796,0
677,56,Female,Job2,57430,8135,6728,6,683,0
678,51,Female,Job4,43829,13147,219,32,814,0
679,37,Male,Job4,64618,8586,6232,36,331,1
680,69,Female,Job3,45103,10508,2890,15,802,1
681,48,Female,Job3,33224,10502,6273,18,739,0
682,70,Female,Job3,59276,6200,3643,28,716,0
683,21,Male,Job2,46649,15793,6112,33,388,0
684,47,Female,Job4,47121,7937,6472,16,482,1
685,30,Female,Job2,52499,5179,1221,11,328,0
686,37,Female,Job2,41663,14985,5042,23,641,0
687,33,Female,Job3,60695,13230,3435,39,812,1
688,31,Male,Job4,41240,7583,4587,12,476,0
689,52,Male,Job1,58804,6579,5752,21,758,0
690,38,Female,Job5,45586,9848,7941,19,343,0
691,45,Male,Job1,35522,12783,5807,12,345,0
692,37,Female,Job4,53207,16280,6348,24,558,0
693,48,Male,Job4,43339,16359,3794,33,573,1
694,63,Female,Job3,49960,9868,7543,23,846,0
695,37,Male,Job4,52596,10035,3521,26,524,0
696,48,Male,Job1,36011,5987,155,41,508,0
697,51,Female,Job5,50217,10544,2575,42,300,0
698,69,Female,Job5,46834,555,9644,7,747,1
699,39,Female,Job5,64104,18537,4078,30,657,0
700,35,Male,Job5,41410,12381,11270,33,449,0
701,21,Female,Job2,53823,14461,5558,26,408,0
702,41,Female,Job4,55117,9209,3901,35,616,0
703,32,Female,Job4,55799,11647,7102,27,376,1
704,70,Female,Job4,42034,6997,5202,38,566,0
705,52,Male,Job2,39205,6115,5605,33,757,0
706,35,Female,Job2,44539,7776,6443,10,490,0
707,55,Male,Job5,35600,20135,5591,29,612,0
708,20,Female,Job5,59373,16783,6224,18,838,0
709,40,Female,Job3,43750,10447,306,39,398,0
710,33,Female,Job5,42673,-2670,2667,41,327,0
711,24,Male,Job2,67352,21896,3370,17,335,0
712,54,Female,Job5,42960,8747,4081,31,714,0
713,39,Male,Job3,41380,3167,7677,43,785,0
714,29,Female,Job4,52775,7177,4983,23,420,0
715,29,Female,Job5,68297,-965,5124,6,383,0
716,69,Female,Job5,36495,15884,7479,13,418,0
717,64,Male,Job3,51678,15180,2680,25,561,0
718,24,Female,Job5,66588,19032,5040,16,470,0
719,41,Male,Job2,35273,16926,8188,8,516,0
720,36,Male,Job4,52412,14155,2009,5,722,0
721,31,Female,Job4,49116,6640,5166,44,540,0
722,69,Female,Job4,58553,10419,5494,21,600,0
723,42,Female,Job1,38397,12966,1175,19,692,0
724,25,Female,Job3,49328,8361,4769,28,598,0
725,55,Female,Job3,52164,12113,4154,52,654,0
726,52,Female,Job5,30068,5012,6619,11,409,1
727,21,Male,Job2,50053,10625,5145,40,526,0
728,68,Female,Job2,47558,7999,6757,17,767,1
729,36,Male,Job2,67421,11433,6308,25,841,0
730,41,Male,Job3,52616,1373,3634,36,827,0
731,51,Male,Job2,56127,12391,4150,29,388,0
732,23,Female,Job3,43159,13903,5788,37,548,0
733,65,Male,Job5,46073,7146,3669,38,756,0
734,48,Male,Job3,54958,12469,5147,25,349,1
735,43,Male,Job1,45842,20681,5997,33,357,1
736,67,Male,Job1,31979,6806,7554,40,347,0
737,21,Male,Job2,55348,-974,4544,24,458,0
738,26,Female,Job4,45540,16131,1591,43,435,0
739,27,Male,Job5,39867,9744,3074,28,763,0
740,42,Male,Job1,66183,4627,9700,19,344,0
741,67,Male,Job5,68912,12725,3182,33,398,0
742,62,Male,Job3,64364,110,4726,24,444,0
743,48,Male,Job1,54951,14621,5999,32,824,0
744,29,Female,Job1,53030,8818,97,2,673,0
745,20,Female,Job1,56038,5768,4685,7,716,0
746,66,Female,Job2,56475,7830,2573,14,361,0
747,38,Female,Job1,47964,17609,6410,-3,478,0
748,65,Male,Job1,54782,8751,3351,9,359,0
749,29,Male,Job2,58421,3992,6876,36,550,0
750,50,Male,Job2,66720,12174,5044,27,837,0
751,46,Female,Job2,41434,6148,6169,15,694,0
752,69,Male,Job2,45004,8191,8523,0,513,0
753,55,Female,Job1,49211,5165,3487,18,447,0
754,61,Female,Job1,76190,6112,4806,29,584,0
755,55,Female,Job5,50172,18292,9101,25,536,0
756,56,Female,Job2,58030,16078,3695,11,592,1
757,53,Female,Job2,69209,9708,3950,18,544,0
758,28,Male,Job1,56042,12437,3236,37,554,0
759,43,Male,Job4,33770,7824,4569,26,744,0
760,45,Female,Job4,34601,3509,1953,33,356,0
761,38,Female,Job1,62159,12098,5234,20,313,0
762,31,Female,Job4,49508,4247,6796,21,650,0
763,44,Female,Job5,56701,3142,1809,31,349,0
764,40,Male,Job2,29213,4231,1521,8,586,0
765,21,Male,Job3,52396,11056,4145,38,674,0
766,40,Female,Job5,48336,14974,5493,35,731,0
767,47,Male,Job4,54873,9705,3624,25,754,0
768,65,Male,Job5,66635,8947,3259,38,623,0
769,68,Female,Job1,42811,9367,4261,19,699,1
770,55,Female,Job1,26040,4888,2940,16,735,0
771,62,Female,Job2,67327,9452,5804,33,757,0
772,18,Male,Job1,44650,11518,4045,42,508,1
773,56,Male,Job1,49271,8848,3371,11,643,0
774,30,Female,Job4,47051,8217,7978,25,357,0
775,33,Female,Job5,35225,8540,6369,11,561,1
776,28,Female,Job3,54834,11621,3663,5,315,0
777,62,Male,Job1,53681,17166,6031,14,713,0
778,29,Male,Job3,59823,19264,4832,12,561,1
779,55,Male,Job4,55640,11068,4680,36,438,0
780,63,Female,Job4,49494,19739,3143,33,575,0
781,35,Female,Job2,53036,13304,8269,36,440,0
782,25,Male,Job4,59760,11053,3920,27,501,1
783,39,Female,Job4,47947,9554,7034,20,787,0
784,41,Male,Job4,50603,4680,5524,45,788,0
785,53,Male,Job5,49772,17800,4125,9,805,1
786,28,Female,Job2,54560,4480,7594,49,346,0
787,64,Female,Job3,42520,3724,6949,23,313,0
788,35,Male,Job1,54386,10541,6941,31,523,1
789,29,Male,Job1,65767,12703,6289,14,314,1
790,57,Male,Job5,62626,8739,6633,22,340,0
791,58,Female,Job5,55652,12488,7216,24,553,0
792,26,Female,Job4,65275,2417,4769,11,657,0
793,36,Female,Job4,50146,13813,4805,33,370,0
794,62,Male,Job1,41694,11083,1619,19,300,0
795,24,Male,Job2,49507,13331,7645,29,577,0
796,54,Male,Job1,45747,12100,3450,34,476,0
797,63,Male,Job1,62362,7283,557,30,834,0
798,49,Male,Job2,50874,11536,7272,6,797,0
799,35,Female,Job3,54226,13759,2330,14,452,0
800,62,Female,Job2,50723,7298,5951,14,744,0
801,20,Female,Job3,49074,12516,3064,12,322,0
802,68,Female,Job3,44478,6328,4073,33,373,1
803,25,Male,Job5,44635,5277,5139,9,414,1
804,39,Female,Job2,44929,7508,7677,31,375,1
805,19,Male,Job1,51121,16614,4723,9,572,0
806,33,Female,Job3,38701,9271,2336,8,682,0
807,24,Male,Job3,42628,12531,6281,2,343,0
808,65,Male,Job4,58932,12586,7468,23,392,0
809,28,Male,Job5,43362,17544,3626,4,398,0
810,27,Female,Job2,54557,19401,4048,26,841,0
811,58,Male,Job3,43602,4325,1105,19,653,0
812,31,Female,Job1,46956,10743,2422,9,843,0
813,24,Female,Job2,38014,8420,7416,23,716,0
814,42,Male,Job1,44930,5219,3937,37,423,1
815,28,Female,Job2,55818,9258,2354,28,488,1
816,68,Female,Job2,59713,6998,3445,31,841,0
817,64,Male,Job2,44022,14091,4926,24,712,1
818,52,Male,Job4,50146,14623,5831,22,345,0
819,18,Female,Job4,25082,8645,5762,17,390,1
820,47,Male,Job2,29056,9327,7168,33,536,0
821,67,Female,Job5,62473,8012,11824,29,311,1
822,47,Female,Job3,30287,11294,8469,11,519,0
823,29,Male,Job3,36226,5534,4804,36,617,0
824,43,Male,Job4,51807,1656,4448,18,685,0
825,46,Female,Job1,62754,7039,3328,24,576,0
826,42,Male,Job5,43514,9869,5271,21,585,0
827,33,Female,Job4,75466,4980,6463,21,665,0
828,58,Male,Job3,36587,12662,4271,24,527,0
829,48,Male,Job5,51961,6169,5641,5,848,0
830,66,Male,Job3,67364,2366,5557,27,562,0
831,50,Female,Job4,51384,9775,6586,24,685,1
832,57,Male,Job5,47835,7210,3897,22,767,0
833,61,Male,Job2,64340,12205,4127,37,801,0
834,51,Male,Job2,38325,24180,2530,16,830,0
835,51,Female,Job2,72805,4576,5706,3,657,0
836,47,Female,Job2,57271,12975,4748,3,481,1
837,65,Female,Job3,33594,13256,8945,29,338,0
838,33,Female,Job5,32386,12745,8013,7,556,1
839,32,Male,Job1,62478,11194,7148,18,809,0
840,30,Female,Job4,42933,6628,6502,26,637,0
841,39,Male,Job5,54562,11401,6145,-15,658,1
842,22,Male,Job2,60106,7107,5091,29,776,0
843,19,Female,Job4,56289,7728,6249,10,309,0
844,37,Male,Job5,47454,6779,8428,12,407,0
845,34,Female,Job2,58075,5410,6809,22,676,1
846,41,Male,Job5,59933,11716,4609,-2,794,0
847,68,Male,Job1,42908,9609,5031,27,469,0
848,36,Male,Job4,74793,9944,4071,3,795,1
849,62,Male,Job3,48941,15150,2663,17,576,0
850,42,Male,Job3,64626,11462,544,41,802,1
851,42,Male,Job2,38487,14725,6626,28,664,0
852,34,Male,Job4,72819,6328,3904,13,363,1
853,49,Male,Job1,51980,7573,7257,11,436,0
854,50,Male,Job5,29608,9923,5853,34,410,0
855,49,Female,Job1,54623,11648,4131,18,356,0
856,33,Female,Job5,45471,5204,6192,33,834,0
857,38,Male,Job4,46965,13267,3858,13,741,0
858,54,Female,Job1,56253,13336,5208,32,355,0
859,48,Male,Job5,40039,12736,4521,41,504,0
860,58,Male,Job4,51848,9654,4213,19,560,0
861,47,Male,Job2,51992,18633,9607,34,642,1
862,61,Female,Job2,63969,6583,3099,13,479,0
863,66,Male,Job5,28120,9614,3706,18,653,0
864,48,Female,Job2,14741,16663,2891,20,301,0
865,38,Male,Job2,46499,13364,5067,43,427,1
866,66,Male,Job2,51608,14290,3437,17,821,0
867,66,Female,Job4,55911,6002,6937,25,395,0
868,69,Female,Job1,56979,18965,8806,27,564,0
869,67,Female,Job4,45905,8755,5505,42,535,1
870,46,Female,Job2,51062,5282,5367,26,816,0
871,44,Female,Job4,65368,3224,4520,43,364,0
872,35,Female,Job2,37808,9171,3952,35,619,0
873,24,Male,Job3,48591,19051,2693,3,557,0
874,47,Female,Job5,46274,18210,5927,29,523,0
875,69,Female,Job3,39578,7346,5970,20,513,0
876,19,Male,Job3,48938,11588,9212,43,810,0
877,24,Male,Job3,31776,5862,1823,32,807,0
878,63,Female,Job2,56922,2362,6354,20,631,1
879,19,Male,Job1,50466,15099,6819,36,495,0
880,38,Female,Job3,70245,5530,5935,40,712,0
881,47,Female,Job3,68404,4415,3849,34,664,0
882,67,Female,Job2,44683,16769,6752,50,517,0
883,59,Female,Job4,68038,11304,6488,43,403,0
884,68,Male,Job1,40108,2487,5081,35,655,0
885,35,Female,Job3,42127,9824,462,51,376,1
886,47,Male,Job3,40398,18185,6417,28,586,1
887,56,Male,Job1,65571,8988,5417,23,664,0
888,25,Female,Job3,49948,5057,1707,20,335,0
889,38,Female,Job2,66011,6061,2563,41,314,0
890,45,Male,Job4,48534,11515,3369,19,777,0
891,43,Female,Job1,62160,5728,4438,32,429,0
892,26,Female,Job1,54363,-379,5476,15,319,0
893,30,Female,Job5,50321,14037,6556,49,821,0
894,41,Female,Job5,57290,10046,6454,24,725,0
895,23,Male,Job2,44300,6256,2288,50,768,0
896,48,Male,Job5,48155,14653,7541,38,548,0
897,53,Female,Job3,49106,17614,4721,29,629,1
898,45,Female,Job4,54522,15312,4224,19,399,0
899,47,Male,Job1,64669,4680,2165,33,576,1
900,65,Female,Job5,47477,14500,5680,17,379,0
901,46,Female,Job5,54661,14886,3234,27,380,0
902,42,Male,Job5,64432,17457,1115,20,337,0
903,28,Male,Job2,22565,5229,7821,11,464,0
904,41,Female,Job3,53867,9405,5839,22,481,0
905,38,Female,Job3,29867,10260,5649,24,539,0
906,19,Female,Job2,66866,6384,5006,12,508,0
907,57,Male,Job4,57507,12260,4179,37,474,0
908,24,Female,Job1,60172,6904,4677,29,327,0
909,52,Male,Job1,47512,5227,4221,17,716,0
910,43,Female,Job2,57585,10942,6184,25,761,0
911,48,Male,Job1,55755,11530,5153,24,623,0
912,32,Male,Job4,62352,12238,5518,30,341,0
913,62,Male,Job2,58978,10209,3477,17,706,0
914,57,Female,Job4,62966,9345,4036,8,413,1
915,60,Male,Job3,43428,12090,5775,34,573,0
916,48,Male,Job5,64671,16306,1385,0,403,0
917,36,Male,Job5,57853,6195,6289,21,686,0
918,20,Female,Job5,53756,11842,4001,11,501,0
919,37,Male,Job3,56194,8993,5598,7,510,0
920,50,Female,Job3,53272,7531,6522,12,838,0
921,34,Male,Job3,46323,15799,5536,20,682,0
922,57,Male,Job5,49732,11868,8998,47,642,0
923,55,Female,Job4,47591,9289,5728,29,819,1
924,58,Male,Job4,42531,11247,4481,23,608,0
925,53,Female,Job5,56240,5720,2773,29,806,0
926,28,Female,Job1,71852,6517,3356,18,839,1
927,65,Female,Job4,61214,8812,7378,13,542,0
928,51,Male,Job4,70001,5371,4612,18,353,1
929,21,Male,Job4,34267,1366,1565,0,503,0
930,39,Male,Job5,49816,11347,5404,22,419,0
931,31,Male,Job3,41912,2962,3834,6,475,0
932,58,Female,Job5,59497,14034,6071,31,779,0
933,54,Male,Job4,39255,13235,2010,14,481,0
934,48,Female,Job4,59904,7037,6973,23,348,0
935,61,Female,Job5,64737,10558,3256,25,806,0
936,35,Male,Job5,51133,11183,3124,-3,567,0
937,59,Female,Job3,53727,2785,5778,39,608,0
938,46,Male,Job2,44981,14355,6335,34,484,0
939,62,Male,Job1,56833,17587,9072,28,631,1
940,52,Male,Job3,53201,8618,6843,13,806,0
941,32,Female,Job3,52428,3515,801,27,443,0
942,24,Male,Job1,41962,3850,2966,20,306,1
943,41,Female,Job4,52282,14895,9031,53,730,0
944,43,Female,Job5,43425,6901,5849,16,731,1
945,46,Male,Job2,68786,11028,2270,22,417,0
946,70,Male,Job5,42720,15943,6635,28,747,1
947,53,Female,Job1,55236,13348,5281,6,526,0
948,23,Male,Job2,53721,10543,3401,29,823,0
949,59,Male,Job3,57680,16332,4465,5,774,0
950,18,Male,Job1,57290,10955,6528,23,733,0
951,22,Female,Job4,33551,8497,4324,40,613,0
952,22,Male,Job2,36444,13025,5486,34,457,1
953,53,Male,Job5,40479,10668,4573,24,309,0
954,27,Male,Job1,57258,21493,4051,19,837,1
955,46,Male,Job3,47504,8505,8331,17,517,0
956,63,Female,Job2,46656,10266,8137,3,448,0
957,20,Female,Job5,48964,17168,5368,33,659,0
958,68,Male,Job2,34395,11801,5927,28,657,0
959,64,Female,Job4,49466,2551,3915,30,515,1
960,36,Female,Job5,62266,19834,7949,21,691,0
961,41,Male,Job5,30219,18737,2278,42,564,0
962,67,Male,Job1,37164,13550,3776,19,468,0
963,41,Female,Job2,60977,11474,2427,18,393,0
964,55,Male,Job2,49190,9742,6434,33,386,0
965,65,Male,Job4,48745,8210,3358,29,766,0
966,55,Male,Job2,62240,11791,3366,18,418,0
967,56,Male,Job3,58162,3262,2759,24,331,0
968,66,Male,Job5,61728,10127,4686,31,519,1
969,48,Male,Job4,45142,6169,5940,18,414,0
970,66,Male,Job4,70652,13165,3586,28,311,0
971,23,Female,Job5,39379,17166,5855,4,748,1
972,23,Female,Job3,54987,14584,4304,41,833,1
973,20,Male,Job4,51875,14419,3564,25,681,0
974,36,Male,Job5,48394,13759,7466,8,330,0
975,37,Male,Job1,52976,9378,5259,28,789,0
976,57,Female,Job2,32746,8154,3177,23,698,0
977,46,Male,Job3,37178,5860,4767,25,479,0
978,64,Female,Job2,44545,11717,4798,18,315,0
979,27,Female,Job1,43288,17415,5294,24,771,0
980,32,Female,Job5,54872,14183,4946,17,677,0
981,18,Male,Job1,63012,15369,4773,12,493,0
982,29,Male,Job2,49425,15036,3732,13,387,1
983,27,Male,Job3,60852,6912,7073,45,461,0
984,69,Female,Job1,52164,3345,7403,18,564,0
985,45,Female,Job5,41361,15560,5580,47,356,0
986,29,Male,Job1,50029,5917,6774,40,610,0
987,20,Male,Job4,46002,14417,2357,35,426,0
988,53,Male,Job4,58708,5030,2472,14,391,0
989,30,Male,Job2,60494,14999,4304,16,816,1
990,36,Female,Job3,62122,12308,10262,9,525,0
991,25,Female,Job4,60808,4314,4844,20,745,0
992,19,Male,Job4,50889,14531,4993,0,448,0
993,48,Male,Job5,53659,15628,3647,27,462,0
994,25,Male,Job2,56266,402,4512,39,758,1
995,32,Male,Job1,42788,11382,6635,20,497,0
996,50,Female,Job1,49052,12868,7920,13,669,0
997,57,Male,Job5,75941,17334,1864,27,556,0
998,51,Male,Job1,43527,17133,4732,16,724,0
999,28,Female,Job2,49107,15040,4673,38,652,0
1000,46,Female,Job5,38311,13759,8149,27,519,1
