MemberID,Age,Gender,MembershipDuration,VisitFrequency,Weight,Height,BMI,GroupClass,PersonalTraining,ExerciseLevel
1,44,Female,12,5,75,186,21.678806798473808,Pilates,0,Low
2,58,Male,47,17,109,164,40.52647233789412,Yoga,1,High
3,51,Male,59,19,74,163,27.85200797922391,Yoga,0,Medium
4,45,Male,8,10,42,156,17.258382642998026,Spinning,0,Low
5,48,Female,2,4,101,157,40.97529311533936,Yoga,0,Medium
6,42,Male,30,8,31,156,12.738330046022353,Zumba,1,Low
7,55,Female,58,30,48,173,16.037956497043,Zumba,1,Medium
8,68,Male,11,23,38,160,14.843749999999996,Pilates,0,High
9,31,Female,50,30,62,164,23.051754907792983,Pilates,0,Low
10,68,Female,51,10,78,153,33.320517749583495,Yoga,0,Low
11,64,Female,18,24,96,150,42.666666666666664,Zumba,1,Low
12,31,Male,8,13,94,171,32.14664341164803,Yoga,0,Medium
13,21,Male,47,5,53,176,17.110020661157026,Zumba,0,High
14,66,Male,46,22,18,165,6.611570247933885,None,1,High
15,47,Male,56,26,46,180,14.19753086419753,None,0,Medium
16,55,Female,40,29,77,158,30.844415958980928,Spinning,0,Low
17,68,Female,4,9,41,163,15.431517934434869,Spinning,0,Medium
18,55,Male,60,2,68,160,26.562499999999996,Zumba,0,Medium
19,28,Female,32,10,68,172,22.985397512168742,None,0,Medium
20,35,Female,4,1,62,158,24.83576349943919,Yoga,1,Medium
21,62,Male,58,12,100,171,34.19855682090216,Zumba,1,Low
22,43,Male,48,8,56,175,18.285714285714285,Spinning,1,Low
23,18,Female,21,19,84,160,32.81249999999999,Pilates,0,High
24,34,Male,17,16,72,171,24.622960911049557,Pilates,1,Medium
25,62,Male,23,6,94,185,27.465303140978815,None,1,Low
26,53,Male,60,17,26,173,8.687226435898292,Pilates,1,Medium
27,54,Male,7,12,101,175,32.97959183673469,Pilates,0,High
28,24,Male,31,28,61,175,19.918367346938776,Pilates,1,High
29,24,Male,36,8,71,145,33.769322235434004,Yoga,0,High
30,50,Female,40,3,74,165,27.180899908172638,Yoga,1,Medium
31,47,Female,34,24,53,177,16.917233234383477,Spinning,0,Low
32,42,Female,30,21,47,182,14.189107595701001,Spinning,0,High
33,21,Male,13,30,78,168,27.636054421768712,None,0,High
34,70,Female,13,12,48,186,13.874436351023238,Pilates,0,Medium
35,42,Male,47,5,95,168,33.6592970521542,Zumba,0,High
36,31,Female,21,17,77,189,21.55594748187341,Yoga,0,Low
37,39,Male,47,9,66,159,26.106562240417702,Spinning,0,Medium
38,24,Female,11,10,89,176,28.731921487603305,Spinning,0,High
39,61,Male,7,19,75,173,25.05930702662969,Zumba,1,Medium
40,42,Female,7,21,93,160,36.32812499999999,Yoga,0,Medium
41,64,Female,6,15,94,172,31.77393185505679,Spinning,0,Low
42,70,Female,26,16,62,181,18.924941241109856,Yoga,0,Medium
43,57,Female,23,18,87,176,28.08626033057851,Pilates,0,Medium
44,54,Male,24,4,70,180,21.604938271604937,None,0,Low
45,28,Male,5,18,69,168,24.44727891156463,Zumba,1,Medium
46,27,Female,48,13,43,156,17.66929651545036,None,1,Low
47,47,Male,10,22,69,171,23.59700420642249,Yoga,0,Low
48,29,Male,60,18,96,172,32.44997295835587,Yoga,0,Low
49,57,Female,13,19,85,172,28.73174689021093,None,0,Medium
50,32,Female,42,28,78,178,24.61810377477591,Zumba,1,Medium
51,36,Female,39,21,99,178,31.246054791061734,Yoga,0,High
52,38,Male,49,13,62,143,30.319331018631722,Pilates,0,Medium
53,36,Female,7,15,52,158,20.82999519307803,None,0,Medium
54,27,Female,20,14,58,160,22.656249999999996,None,1,Medium
55,45,Male,2,12,72,162,27.43484224965706,Yoga,1,Medium
56,65,Male,38,9,69,183,20.603780345785182,Pilates,1,High
57,68,Male,52,17,45,154,18.974531961544947,Zumba,0,Low
58,54,Male,39,21,112,166,40.64450573377849,Pilates,0,High
59,60,Female,35,23,64,168,22.67573696145125,None,0,Medium
60,57,Male,13,8,43,153,18.369003374770386,None,0,High
61,65,Female,38,19,51,192,13.834635416666668,None,0,High
62,28,Male,40,30,35,175,11.428571428571429,None,0,Low
63,56,Male,14,19,69,162,26.291723822588015,None,0,Medium
64,47,Male,48,7,76,174,25.102391333069097,Yoga,0,Low
65,47,Male,37,26,53,155,22.060353798126947,Spinning,0,Low
66,32,Female,28,11,60,181,18.314459265590184,Zumba,0,Medium
67,18,Male,13,2,79,169,27.660095935016283,Yoga,0,Medium
68,42,Female,3,11,72,163,27.09925100681245,None,0,Low
69,39,Male,50,25,66,177,21.06674327300584,None,0,Low
70,31,Male,14,13,81,156,33.28402366863905,Yoga,1,Medium
71,58,Male,46,3,118,178,37.242772377225094,Zumba,0,Low
72,65,Female,47,2,57,164,21.192742415229034,None,0,Low
73,41,Male,26,27,96,184,28.35538752362949,Yoga,1,Medium
74,45,Female,2,14,75,171,25.64891761567662,Yoga,0,Medium
75,50,Female,36,4,39,167,13.984008031840512,None,0,Low
76,37,Female,2,28,53,165,19.467401285583104,Zumba,0,Low
77,28,Female,7,6,73,155,30.38501560874089,Yoga,0,Medium
78,43,Male,38,5,81,174,26.7538644470868,Zumba,1,High
79,66,Male,53,13,67,165,24.609733700642796,Pilates,0,Low
80,31,Female,48,27,56,186,16.18684240952711,Yoga,0,Low
81,21,Male,12,12,65,175,21.224489795918366,Spinning,1,Low
82,34,Female,8,11,76,167,27.250887446663558,Pilates,0,High
83,56,Male,31,6,59,169,20.65754000210077,None,0,Medium
84,50,Male,50,23,76,178,23.98687034465345,None,0,Low
85,24,Male,49,16,59,180,18.209876543209877,Zumba,0,Low
86,47,Male,16,9,82,171,28.042816593139772,Spinning,0,High
87,18,Female,24,1,69,169,24.158817968558527,Zumba,1,High
88,37,Male,6,14,39,156,16.025641025641026,Yoga,0,Medium
89,43,Male,48,30,86,180,26.54320987654321,Yoga,0,Low
90,36,Female,2,9,74,171,25.3069320474676,Pilates,0,Low
91,19,Female,51,7,49,163,18.442545824080696,None,1,High
92,65,Male,56,29,70,176,22.59814049586777,Zumba,1,High
93,56,Male,29,24,86,165,31.58861340679523,Zumba,1,Low
94,45,Female,59,3,77,166,27.94309769197271,None,0,Medium
95,42,Male,13,12,97,168,34.367913832199555,Spinning,0,Low
96,61,Male,38,6,34,169,11.904345085956376,Pilates,0,High
97,39,Male,34,20,108,161,41.66505921839435,Zumba,1,High
98,20,Female,19,21,15,167,5.378464627630966,Zumba,0,Low
99,29,Female,6,28,88,158,35.250761095978206,Zumba,1,Medium
100,39,Male,28,12,53,177,16.917233234383477,Pilates,0,Medium
101,46,Female,22,11,42,170,14.532871972318341,Pilates,1,Low
102,36,Female,48,7,71,175,23.183673469387756,Zumba,1,High
103,22,Female,9,18,57,185,16.654492330168004,None,0,Low
104,25,Male,53,27,113,174,37.323292376800104,Spinning,0,Low
105,44,Female,24,20,66,163,24.840980089578082,Pilates,1,Low
106,69,Male,40,16,81,171,27.70083102493075,Pilates,1,Low
107,45,Female,19,23,59,152,25.536703601108034,None,0,High
108,27,Female,20,17,89,167,31.912223457277065,Spinning,0,Medium
109,37,Female,49,2,99,172,33.46403461330449,Pilates,0,Low
110,24,Female,60,3,47,178,14.833985607877793,Pilates,1,High
111,31,Male,51,24,63,192,17.08984375,None,1,Low
112,70,Male,2,6,88,176,28.40909090909091,Zumba,1,Low
113,39,Female,55,13,42,173,14.033211934912625,Pilates,1,High
114,41,Male,51,5,78,166,28.305995064595734,Yoga,1,Low
115,48,Male,60,8,79,180,24.382716049382715,Yoga,1,High
116,65,Female,32,6,81,157,32.86137368655929,Zumba,0,Low
117,29,Female,21,18,69,161,26.61934338952972,None,0,Medium
118,29,Male,9,15,72,172,24.337479718766904,Pilates,0,Medium
119,50,Male,27,12,60,172,20.281233098972418,Spinning,0,High
120,58,Female,5,10,95,172,32.11195240670633,Zumba,0,Low
121,68,Female,14,6,73,178,23.04002019946976,Pilates,0,High
122,29,Male,39,3,39,171,13.337437160151843,Spinning,1,High
123,66,Male,3,9,96,195,25.2465483234714,Yoga,0,Medium
124,21,Female,10,30,66,156,27.12031558185404,Pilates,1,Medium
125,61,Female,42,8,93,174,30.71739992072929,Spinning,0,Medium
126,18,Male,54,21,78,164,29.000594883997625,None,0,Low
127,49,Male,43,22,47,185,13.732651570489407,Zumba,0,Medium
128,23,Male,5,16,69,156,28.353057199211044,Zumba,0,High
129,51,Female,51,10,58,180,17.901234567901234,Pilates,0,Medium
130,18,Male,35,10,64,150,28.444444444444443,Pilates,0,Medium
131,68,Female,11,3,49,149,22.071077879374805,Spinning,0,High
132,55,Male,22,28,81,156,33.28402366863905,None,0,Low
133,46,Male,4,19,54,161,20.832529609197174,None,0,Medium
134,34,Female,45,16,99,172,33.46403461330449,Pilates,1,Medium
135,61,Female,48,2,101,176,32.60588842975207,None,0,Low
136,56,Male,48,21,77,172,26.027582477014604,Yoga,0,Low
137,60,Male,40,14,89,181,27.16644791062544,Pilates,0,Low
138,46,Male,10,6,74,164,27.513384889946465,Spinning,1,Low
139,57,Female,36,24,59,166,21.410944984758313,Yoga,0,High
140,63,Male,7,2,71,169,24.859073561850078,Pilates,1,High
141,68,Female,51,15,105,170,36.33217993079585,Pilates,0,Medium
142,52,Female,5,27,44,174,14.532963403355794,Zumba,1,High
143,57,Female,6,10,68,182,20.528921627822726,None,0,High
144,19,Female,29,20,53,175,17.306122448979593,Zumba,0,High
145,61,Female,25,12,87,174,28.735632183908045,Yoga,0,Low
146,38,Male,2,9,58,171,19.835162956123252,Zumba,0,High
147,41,Male,47,5,49,161,18.90359168241966,Yoga,0,Low
148,35,Male,37,12,52,178,16.41206918318394,Yoga,0,High
149,32,Female,39,13,90,176,29.054752066115704,None,1,High
150,32,Female,5,14,66,179,20.598608033457133,Pilates,0,High
151,51,Male,41,22,59,165,21.6712580348944,Pilates,0,Low
152,63,Female,58,6,72,172,24.337479718766904,Zumba,1,High
153,65,Female,52,27,91,183,27.173101615455817,None,0,Low
154,48,Male,38,6,55,171,18.80920625149619,Yoga,0,High
155,49,Female,56,6,109,176,35.18853305785124,None,0,High
156,44,Female,1,2,78,163,29.357521924046825,Yoga,0,High
157,57,Male,48,24,53,157,21.50188648626719,None,0,Medium
158,61,Female,51,21,53,172,17.915089237425637,Zumba,0,Medium
159,49,Male,24,15,54,160,21.093749999999996,Zumba,1,Medium
160,40,Male,52,8,47,154,19.81784449316917,Zumba,0,Medium
161,55,Male,27,2,52,167,18.645344042454013,Zumba,0,Medium
162,38,Female,15,17,67,167,24.023808670084982,Zumba,0,High
163,50,Male,17,12,87,164,32.34681737061273,Pilates,1,Medium
164,54,Female,56,27,54,169,18.906901018871892,Pilates,0,High
165,62,Male,26,17,72,160,28.124999999999993,Zumba,0,High
166,49,Male,12,16,57,173,19.045073340238563,Zumba,0,Low
167,32,Male,24,7,36,163,13.549625503406226,Pilates,0,Medium
168,68,Female,9,17,84,185,24.543462381300216,Spinning,0,High
169,35,Male,42,10,63,152,27.268005540166204,Zumba,0,Medium
170,58,Female,26,14,34,163,12.79686853099477,Spinning,0,Low
171,52,Female,17,13,109,171,37.27642693478336,Pilates,0,Low
172,32,Male,9,4,80,169,28.01022373166206,Zumba,0,Low
173,64,Male,17,4,80,183,23.888440980620498,Zumba,0,Low
174,58,Male,26,17,67,169,23.458562375266975,Pilates,0,Medium
175,52,Female,18,27,75,163,28.228386465429637,Pilates,0,Medium
176,19,Male,42,23,44,171,15.047365001196951,None,0,Low
177,61,Female,46,10,50,164,18.590124925639504,None,0,Medium
178,23,Male,29,15,59,172,19.94321254732288,Pilates,0,Low
179,61,Male,37,28,67,169,23.458562375266975,Yoga,0,High
180,30,Male,48,14,83,166,30.120481927710845,Pilates,0,Medium
181,43,Male,15,23,91,181,27.776929886145112,None,0,Medium
182,19,Male,40,28,54,181,16.483013339031164,Pilates,0,High
183,22,Female,33,5,75,186,21.678806798473808,Pilates,0,High
184,62,Female,25,14,41,157,16.633534828999146,None,0,Medium
185,46,Male,35,13,59,169,20.65754000210077,None,0,Medium
186,63,Female,34,17,60,184,17.72211720226843,Yoga,1,Medium
187,51,Female,17,29,88,168,31.17913832199547,Spinning,1,Low
188,61,Female,21,25,75,167,26.89232313815483,Zumba,1,Low
189,66,Male,8,9,87,162,33.15043438500228,None,0,Low
190,41,Female,50,22,104,171,35.56649909373825,Zumba,0,Low
191,37,Male,22,23,41,187,11.724670422374102,Yoga,0,Medium
192,29,Male,41,4,32,179,9.98720389500952,Spinning,1,Low
193,55,Male,24,29,86,178,27.143037495265748,Spinning,1,Medium
194,40,Female,39,23,59,172,19.94321254732288,Pilates,1,Medium
195,56,Female,19,9,63,162,24.005486968449926,Pilates,0,Low
196,31,Female,54,12,71,155,29.552549427679498,Spinning,1,Medium
197,66,Male,38,25,44,176,14.204545454545455,Pilates,1,Low
198,28,Male,14,26,80,160,31.249999999999993,Zumba,1,Medium
199,18,Male,58,23,42,164,15.615704937537183,Zumba,1,High
200,69,Male,18,23,70,162,26.672763298277697,Yoga,0,Medium
201,44,Male,17,10,75,170,25.95155709342561,Spinning,0,Medium
202,41,Male,44,19,66,173,22.052190183434128,Pilates,0,High
203,44,Male,19,3,42,158,16.82422688671687,Pilates,1,Low
204,50,Male,38,29,70,162,26.672763298277697,Zumba,0,Low
205,62,Male,44,11,72,163,27.09925100681245,Yoga,0,High
206,31,Female,25,13,57,172,19.2671714440238,Yoga,0,High
207,58,Male,47,13,97,161,37.42139577948381,Spinning,1,High
208,30,Female,58,24,83,156,34.10585141354372,None,1,High
209,55,Male,26,3,60,167,21.513858510523864,Spinning,1,Medium
210,70,Male,53,12,49,162,18.670934308794386,Spinning,0,High
211,43,Male,8,27,70,144,33.757716049382715,Zumba,0,Medium
212,28,Female,43,22,90,168,31.88775510204082,None,0,Low
213,46,Male,23,26,62,167,22.230987127541326,Pilates,0,Low
214,56,Male,27,3,44,166,15.967484395412978,None,0,High
215,43,Male,54,30,47,179,14.66870572079523,Spinning,1,Medium
216,59,Female,24,24,50,176,16.141528925619834,Spinning,0,Low
217,64,Female,53,20,68,172,22.985397512168742,Yoga,0,Low
218,36,Male,14,3,70,180,21.604938271604937,None,0,Low
219,49,Male,40,18,77,163,28.981143437841094,Pilates,0,Low
220,39,Male,49,19,57,161,21.98989236526368,Pilates,1,Medium
221,50,Female,46,12,85,162,32.38835543362292,Spinning,0,Low
222,32,Female,8,9,64,172,21.63331530557058,Spinning,0,High
223,44,Male,54,8,48,169,16.806134238997235,None,0,Low
224,26,Female,36,13,61,166,22.136739730004358,Spinning,0,High
225,21,Female,32,8,54,184,15.949905482041586,Yoga,0,Low
226,20,Female,50,3,61,153,26.05835362467427,Yoga,0,High
227,33,Female,17,9,43,153,18.369003374770386,None,0,Low
228,30,Male,18,30,66,159,26.106562240417702,Pilates,1,Medium
229,56,Female,47,23,90,168,31.88775510204082,Zumba,0,High
230,31,Female,6,19,35,178,11.046585027143037,Zumba,0,Medium
231,42,Male,34,23,106,187,30.312562555406213,Pilates,0,Low
232,40,Male,57,29,78,162,29.721079103795148,Yoga,1,High
233,62,Female,5,13,72,190,19.94459833795014,Yoga,0,High
234,65,Female,36,8,78,168,27.636054421768712,None,0,Low
235,24,Male,32,21,46,181,14.041085436952473,Spinning,1,High
236,53,Male,32,24,58,166,21.04804761213529,Pilates,0,High
237,35,Female,27,6,74,168,26.218820861678008,Spinning,1,Medium
238,61,Female,31,8,64,168,22.67573696145125,Yoga,0,High
239,32,Female,25,12,50,166,18.144868631151112,Yoga,0,Medium
240,22,Male,5,30,53,177,16.917233234383477,Yoga,0,Medium
241,49,Female,51,19,66,167,23.66524436157625,Zumba,1,Medium
242,45,Female,22,11,38,174,12.551195666534548,None,0,Medium
243,25,Male,33,5,97,163,36.50871316195567,Pilates,0,Medium
244,21,Female,4,4,92,179,28.71321119815237,Zumba,1,Medium
245,62,Male,24,27,78,176,25.180785123966942,Zumba,0,Medium
246,32,Male,37,24,55,167,19.721036967980208,Spinning,0,Medium
247,22,Male,20,28,104,163,39.14336256539576,Pilates,0,Low
248,26,Male,7,22,64,169,22.40817898532965,Spinning,0,High
249,26,Female,42,27,36,155,14.984391259105097,Yoga,1,Medium
250,34,Female,44,20,63,151,27.630367089162757,Pilates,0,Medium
251,57,Female,40,8,67,170,23.18339100346021,Spinning,1,Medium
252,35,Male,60,14,59,170,20.41522491349481,None,0,High
253,58,Female,59,15,84,144,40.50925925925926,Zumba,0,High
254,43,Female,13,26,71,183,21.20099137030069,Yoga,0,Medium
255,51,Male,32,11,88,179,27.46481071127618,Yoga,0,Medium
256,26,Female,27,20,90,152,38.95429362880886,Zumba,0,Low
257,30,Male,41,27,69,170,23.87543252595156,None,0,Medium
258,32,Female,10,26,78,170,26.989619377162633,Yoga,0,Medium
259,19,Female,19,11,62,196,16.139108704706373,Yoga,0,Medium
260,61,Female,23,16,91,166,33.02366090869502,Spinning,0,Low
261,62,Female,36,24,51,170,17.647058823529413,None,0,Medium
262,31,Male,41,20,114,181,34.79747260462135,Yoga,1,Medium
263,35,Male,53,5,92,195,24.194608809993426,Zumba,1,Medium
264,30,Male,18,19,66,173,22.052190183434128,Pilates,0,Low
265,20,Female,54,30,51,190,14.127423822714682,Pilates,0,Medium
266,37,Female,34,20,81,177,25.854639471416256,Yoga,0,High
267,66,Male,30,21,101,177,32.23850106929682,Pilates,1,High
268,41,Female,26,14,21,185,6.135865595325054,Spinning,1,Medium
269,24,Male,29,15,81,181,24.724520008546747,Spinning,0,Medium
270,64,Male,2,17,77,181,23.503556057507403,None,1,Low
271,18,Female,51,1,60,169,21.007667798746546,Yoga,0,Medium
272,21,Female,46,11,74,179,23.095409007209515,Zumba,0,Low
273,21,Male,32,26,81,177,25.854639471416256,Spinning,0,Low
274,21,Male,6,4,68,175,22.20408163265306,Spinning,0,Low
275,45,Male,31,10,68,162,25.910684346898332,None,1,High
276,25,Female,14,6,72,146,33.77744417339088,Spinning,1,Medium
277,50,Male,7,21,119,174,39.30506011362135,Pilates,0,Medium
278,37,Male,24,13,71,170,24.56747404844291,None,1,Medium
279,25,Male,49,19,41,170,14.186851211072666,Pilates,1,Low
280,26,Female,45,22,75,158,30.043262297708697,Yoga,0,High
281,24,Female,51,17,82,166,29.757584555087824,None,1,Low
282,36,Male,3,30,37,169,12.954728475893702,Spinning,0,High
283,39,Male,5,11,48,163,18.06616733787497,Zumba,0,Medium
284,55,Male,13,24,84,174,27.74474831549742,Zumba,0,High
285,63,Female,51,22,67,177,21.38593635289987,Pilates,0,Low
286,22,Female,27,9,90,160,35.15624999999999,None,1,Medium
287,49,Male,24,12,64,176,20.66115702479339,Yoga,1,Medium
288,25,Male,4,30,90,163,33.87406375851557,Spinning,0,High
289,33,Male,51,15,91,158,36.45249158788655,Yoga,0,Medium
290,53,Female,20,22,82,163,30.863035868869737,Zumba,0,Low
291,42,Male,8,4,73,179,22.783308885490467,Spinning,0,Low
292,57,Male,40,8,65,167,23.306680053067517,Zumba,0,Low
293,52,Male,57,24,57,150,25.333333333333332,Yoga,0,High
294,30,Female,40,10,97,173,32.4100370877744,Spinning,1,High
295,37,Female,19,19,98,189,27.434842249657066,Spinning,0,High
296,42,Male,58,24,58,158,23.233456176894723,None,0,Low
297,51,Female,60,29,50,170,17.301038062283737,Pilates,0,Low
298,31,Female,1,23,57,161,21.98989236526368,Pilates,0,Low
299,19,Female,53,2,74,178,23.355636914530994,Yoga,0,Medium
300,53,Female,21,19,55,169,19.257028815517668,Spinning,1,Medium
301,27,Male,27,21,67,173,22.386314277122523,Spinning,0,Medium
302,34,Female,13,30,63,166,22.8625344752504,None,0,High
303,61,Female,42,17,54,171,18.467220683287167,Spinning,0,Medium
304,58,Female,31,19,91,155,37.87721123829344,Yoga,1,Low
305,42,Male,4,10,69,179,21.534908398614277,Zumba,0,High
306,63,Female,57,13,69,180,21.296296296296294,Yoga,0,High
307,70,Female,3,29,85,162,32.38835543362292,Yoga,1,Low
308,32,Male,23,9,77,179,24.031709372366656,Pilates,0,High
309,51,Male,14,26,65,170,22.49134948096886,Pilates,1,Low
310,57,Female,33,30,46,162,17.527815881725342,Spinning,0,Medium
311,28,Female,35,19,42,170,14.532871972318341,Yoga,0,High
312,67,Female,28,28,68,198,17.345168860320378,Spinning,1,Low
313,47,Male,41,18,47,166,17.056176513282043,None,0,Low
314,57,Female,17,27,58,147,26.84066824008515,Pilates,0,High
315,43,Male,10,23,90,166,32.660763536072004,Yoga,0,Low
316,19,Male,11,2,66,164,24.538964901844146,Spinning,0,Medium
317,18,Female,56,28,40,180,12.345679012345679,Spinning,1,High
318,57,Male,2,6,73,172,24.675500270416443,None,1,Low
319,31,Male,31,21,62,168,21.9671201814059,Spinning,0,Low
320,54,Male,12,1,77,156,31.640368178829714,Yoga,0,High
321,25,Male,47,11,86,174,28.405337561104506,Yoga,0,Low
322,33,Male,4,25,52,176,16.787190082644628,Spinning,0,High
323,58,Male,9,5,67,176,21.62964876033058,Spinning,0,Low
324,60,Female,35,9,66,165,24.242424242424246,Zumba,0,Medium
325,61,Female,60,6,62,173,20.715693808680545,Spinning,0,High
326,65,Female,40,24,47,189,13.157526385039613,Zumba,0,High
327,68,Female,13,23,57,165,20.936639118457304,None,0,Low
328,55,Female,58,11,72,166,26.1286108288576,Pilates,0,Medium
329,61,Male,24,20,102,168,36.13945578231293,Yoga,0,Low
330,36,Female,59,24,90,168,31.88775510204082,Spinning,0,Medium
331,50,Female,13,6,53,170,18.339100346020764,Spinning,1,Low
332,20,Male,46,23,74,159,29.270994027135,Pilates,0,Low
333,50,Female,42,11,58,183,17.319119710949863,None,0,High
334,35,Male,25,27,69,166,25.039918710988534,Spinning,0,Low
335,28,Female,48,12,113,158,45.2651818618811,Spinning,0,High
336,61,Female,12,9,82,161,31.634581999151262,Spinning,0,Medium
337,70,Female,48,23,72,165,26.44628099173554,None,0,Low
338,21,Female,6,20,91,170,31.487889273356405,Yoga,0,Low
339,20,Male,12,8,63,187,18.015956990477278,Zumba,1,High
340,55,Male,10,8,89,155,37.04474505723204,Pilates,1,Medium
341,38,Female,20,15,53,156,21.7784352399737,Pilates,1,High
342,62,Female,32,30,47,171,16.073321705824014,None,0,Low
343,44,Female,45,13,71,169,24.859073561850078,Spinning,1,Low
344,45,Male,47,2,82,167,29.402273297715947,Zumba,0,High
345,39,Female,37,24,85,162,32.38835543362292,Yoga,0,Medium
346,43,Female,47,7,50,183,14.930275612887812,Pilates,1,High
347,18,Female,8,8,65,183,19.409358296754156,Spinning,0,Medium
348,25,Female,38,13,93,181,28.387411861664784,Yoga,1,Medium
349,46,Female,28,12,69,142,34.21940091251736,Yoga,0,Low
350,52,Female,28,11,45,143,22.005966061910122,Spinning,0,Medium
351,35,Female,45,12,61,169,21.35779559539232,Zumba,0,High
352,54,Female,14,6,60,168,21.258503401360546,Zumba,0,Low
353,66,Male,21,12,64,148,29.218407596785976,Yoga,0,High
354,56,Female,44,14,48,173,16.037956497043,Yoga,1,High
355,40,Male,24,7,108,156,44.378698224852066,Spinning,0,High
356,24,Female,48,17,84,176,27.117768595041323,Spinning,0,High
357,41,Male,37,28,69,185,20.16070124178232,None,0,High
358,61,Male,41,22,90,180,27.777777777777775,Spinning,0,High
359,44,Female,36,4,87,168,30.824829931972793,Spinning,0,High
360,23,Male,54,17,59,146,27.67873897541753,Spinning,0,Medium
361,58,Male,44,4,107,160,41.79687499999999,Zumba,0,Medium
362,53,Male,6,17,60,169,21.007667798746546,Zumba,0,Low
363,57,Male,15,24,80,167,28.685144680698485,Yoga,0,Medium
364,63,Female,34,11,78,170,26.989619377162633,Pilates,1,Medium
365,34,Male,29,18,83,150,36.888888888888886,None,0,Medium
366,65,Male,48,2,69,174,22.79032897344431,Zumba,0,Low
367,40,Female,4,14,70,155,29.1363163371488,Zumba,0,Low
368,67,Male,60,20,49,173,16.372080590731397,Zumba,1,High
369,47,Female,44,25,60,174,19.817677368212443,Spinning,0,Low
370,27,Female,20,9,59,167,21.15529420201513,Zumba,0,High
371,67,Male,40,22,121,168,42.87131519274377,Zumba,0,Low
372,36,Male,7,23,79,166,28.668892437218755,Pilates,1,High
373,18,Female,4,3,71,169,24.859073561850078,Spinning,0,High
374,46,Female,35,19,55,181,16.788254326791,Zumba,0,Low
375,60,Female,49,9,108,167,38.72494531894295,Pilates,0,Medium
376,34,Male,8,21,83,163,31.239414355075468,Spinning,0,Medium
377,24,Male,49,22,59,164,21.936347412254616,Zumba,0,Low
378,41,Male,5,24,90,154,37.949063923089895,Zumba,0,Low
379,47,Female,6,12,65,171,22.229061933586404,Spinning,1,Low
380,46,Female,29,8,69,171,23.59700420642249,Yoga,0,Medium
381,46,Female,51,4,52,179,16.22920632939047,Pilates,0,Low
382,48,Male,12,24,104,176,33.574380165289256,None,1,High
383,45,Male,47,28,54,182,16.302378939741576,None,0,Medium
384,34,Male,45,4,58,182,17.509962564907617,Yoga,0,High
385,64,Female,57,26,51,172,17.239048134126556,Pilates,1,Low
386,35,Female,23,27,75,167,26.89232313815483,Pilates,0,Medium
387,58,Female,25,20,57,163,21.453573713726524,Zumba,0,Low
388,30,Male,52,8,99,175,32.326530612244895,Spinning,0,High
389,43,Male,37,30,59,178,18.621386188612547,Yoga,1,Medium
390,28,Female,18,18,63,180,19.444444444444443,Pilates,0,High
391,27,Male,54,28,98,173,32.74416118146279,Yoga,1,Low
392,28,Male,8,2,100,153,42.71861249946602,Pilates,1,Low
393,26,Female,46,7,59,182,17.81185847119913,Zumba,0,High
394,31,Male,39,7,94,182,28.378215191402003,Pilates,0,Low
395,53,Male,44,21,91,169,31.861629494765594,Spinning,0,Low
396,24,Male,27,15,64,176,20.66115702479339,None,1,Medium
397,42,Male,56,17,35,154,14.757969303423849,Spinning,0,High
398,44,Female,52,5,53,158,21.230572023714146,Zumba,0,Medium
399,61,Male,6,17,46,178,14.518368892816563,Spinning,0,Low
400,51,Male,48,7,71,170,24.56747404844291,Yoga,0,High
401,48,Male,41,15,33,174,10.899722552516845,None,1,Medium
402,68,Female,29,29,55,164,20.449137418203453,Yoga,0,Low
403,45,Female,31,22,71,187,20.303697560696612,Spinning,1,Low
404,53,Male,20,1,50,169,17.506389832288786,None,1,High
405,60,Female,59,6,94,183,28.068918152229088,Pilates,1,Medium
406,66,Male,19,10,94,164,34.94943486020227,Spinning,1,High
407,58,Female,36,14,82,168,29.053287981859416,Yoga,0,High
408,24,Male,43,28,79,176,25.50361570247934,Spinning,0,Medium
409,66,Male,26,10,96,156,39.44773175542406,Yoga,0,Low
410,58,Female,28,9,50,178,15.780835753061481,Pilates,1,Low
411,32,Male,50,10,58,170,20.06920415224914,Zumba,1,High
412,50,Female,60,13,55,160,21.484374999999996,Zumba,0,High
413,34,Male,53,15,84,184,24.8109640831758,Spinning,0,High
414,32,Male,59,3,61,185,17.82322863403944,Pilates,0,High
415,42,Female,45,19,81,178,25.5649539199596,Yoga,0,High
416,64,Male,31,6,34,165,12.488521579430671,None,1,Medium
417,66,Female,10,18,84,160,32.81249999999999,Zumba,0,High
418,24,Female,50,7,38,176,12.267561983471074,Yoga,0,High
419,67,Female,19,13,31,164,11.525877453896491,Zumba,0,Medium
420,37,Female,59,23,64,167,22.948115744558788,Pilates,1,High
421,49,Female,5,5,50,171,17.09927841045108,Zumba,0,Low
422,64,Male,12,8,47,167,16.85252249991036,None,0,High
423,18,Female,43,4,85,176,27.44059917355372,Spinning,0,Medium
424,69,Male,21,19,85,168,30.116213151927443,Zumba,0,Low
425,47,Male,35,26,78,166,28.305995064595734,Zumba,0,Medium
426,33,Male,51,5,62,172,20.9572742022715,None,1,High
427,31,Male,36,22,72,185,21.0372534696859,Zumba,1,Low
428,48,Female,6,14,90,172,30.42184964845863,Spinning,0,Low
429,67,Male,9,10,81,170,28.027681660899656,Zumba,0,Medium
430,65,Male,14,16,65,177,20.747550193111813,None,1,Medium
431,40,Male,31,26,98,158,39.25652940233936,None,0,Low
432,55,Male,51,13,72,191,19.736301088237713,Pilates,0,Low
433,51,Male,45,29,52,174,17.17532038578412,Spinning,0,Low
434,66,Male,24,8,83,170,28.719723183391007,Yoga,0,Low
435,28,Male,32,18,66,154,27.82931354359926,Pilates,0,Medium
436,51,Male,31,4,77,172,26.027582477014604,Yoga,0,Medium
437,57,Male,9,17,46,150,20.444444444444443,Zumba,0,Medium
438,30,Male,14,27,87,174,28.735632183908045,None,0,High
439,30,Female,2,15,57,162,21.719250114311837,None,0,High
440,70,Female,12,9,63,172,21.29529475392104,Spinning,0,High
441,21,Female,34,7,67,157,27.18163008641324,Pilates,0,Low
442,48,Male,19,20,73,171,24.96494647925858,Zumba,0,Medium
443,18,Male,16,20,20,163,7.52756972411457,Pilates,0,Low
444,64,Female,38,15,70,167,25.099501595611173,Zumba,0,Medium
445,27,Male,25,27,75,162,28.577960676726104,Spinning,1,Low
446,48,Male,13,18,85,171,29.06877329776684,Pilates,0,Low
447,57,Female,42,15,49,167,17.569651116927822,Spinning,0,Low
448,64,Female,31,16,78,177,24.897060231734173,Spinning,0,Medium
449,18,Male,13,19,36,184,10.633270321361058,None,0,High
450,69,Male,6,30,89,161,34.33509509663978,Spinning,0,High
451,25,Male,51,3,4,164,1.4872099940511603,Spinning,0,Low
452,59,Male,32,24,96,170,33.21799307958478,Pilates,0,High
453,23,Female,24,3,66,180,20.37037037037037,Yoga,0,Medium
454,25,Male,4,6,76,154,32.04587620172036,Yoga,1,Low
455,62,Female,43,4,48,168,17.006802721088437,None,0,High
456,34,Male,13,22,58,165,21.30394857667585,None,0,Low
457,21,Female,40,27,40,180,12.345679012345679,Zumba,0,Medium
458,64,Male,35,23,73,143,35.69856716709864,None,0,Medium
459,70,Male,46,23,79,170,27.33564013840831,Pilates,1,High
460,67,Female,59,11,81,153,34.602076124567475,None,0,Low
461,31,Male,48,23,109,152,47.17797783933518,Yoga,0,Low
462,47,Male,26,20,104,179,32.45841265878094,Spinning,1,High
463,48,Male,44,10,86,138,45.15858013022475,Pilates,1,Low
464,21,Male,13,10,79,180,24.382716049382715,None,0,High
465,31,Female,51,22,46,149,20.7197873969641,Yoga,1,Low
466,19,Female,3,20,76,177,24.258674071946118,None,0,High
467,37,Female,16,25,68,176,21.952479338842977,Pilates,0,High
468,29,Male,16,4,37,157,15.010750943243133,None,1,Medium
469,29,Male,57,16,37,177,11.810143956079031,Yoga,1,Medium
470,62,Male,56,21,86,173,28.734672057202044,Spinning,1,Medium
471,58,Male,11,19,43,172,14.534883720930234,Zumba,0,Low
472,35,Female,36,20,50,171,17.09927841045108,Zumba,0,High
473,43,Female,28,10,54,169,18.906901018871892,Spinning,0,Medium
474,65,Female,34,30,68,180,20.98765432098765,Yoga,0,Medium
475,70,Female,46,19,72,167,25.816630212628635,Spinning,1,Medium
476,44,Male,21,5,88,171,30.094730002393902,None,0,Low
477,65,Male,50,28,44,171,15.047365001196951,None,0,Medium
478,68,Female,36,16,54,190,14.958448753462605,Spinning,1,High
479,20,Male,23,2,72,162,27.43484224965706,None,0,Medium
480,28,Male,29,24,101,165,37.09825528007347,None,0,Medium
481,26,Female,6,20,98,162,37.34186861758877,Yoga,0,Medium
482,37,Male,57,18,80,180,24.691358024691358,Yoga,0,Low
483,22,Female,58,13,120,162,45.72473708276176,None,1,Low
484,44,Male,4,28,92,164,34.20582986317669,Spinning,0,High
485,41,Female,45,12,46,180,14.19753086419753,Pilates,0,Low
486,46,Female,45,16,77,181,23.503556057507403,Pilates,1,High
487,44,Male,17,18,91,168,32.242063492063494,None,1,Medium
488,23,Male,6,14,54,164,20.077334919690664,Zumba,1,Low
489,38,Male,14,3,57,177,18.194005553959588,Spinning,0,High
490,48,Male,40,24,61,166,22.136739730004358,Zumba,1,Low
491,65,Male,45,23,121,154,51.02040816326531,Spinning,1,Low
492,47,Male,60,4,96,175,31.346938775510203,Yoga,0,Medium
493,43,Female,16,4,52,188,14.712539610683569,Pilates,1,High
494,18,Female,7,22,85,181,25.94548395958609,Zumba,0,Medium
495,47,Male,42,27,81,184,23.92485822306238,Yoga,1,Medium
496,45,Female,27,2,50,168,17.71541950113379,Pilates,0,Medium
497,62,Female,24,19,77,165,28.282828282828287,Pilates,0,Low
498,40,Female,1,21,77,156,31.640368178829714,None,0,Medium
499,50,Male,4,16,62,156,25.476660092044707,Yoga,0,Low
500,41,Male,36,28,75,181,22.89307408198773,Pilates,0,Low
501,65,Male,8,4,64,171,21.887076365377382,Pilates,1,Medium
502,36,Female,22,26,60,169,21.007667798746546,Yoga,0,High
503,54,Female,19,23,40,174,13.21178491214163,Pilates,0,High
504,20,Male,54,16,109,182,32.906653785774665,None,1,Low
505,68,Female,24,24,63,175,20.571428571428573,Zumba,1,Low
506,23,Female,46,16,66,172,22.30935640886966,Zumba,0,Low
507,30,Female,49,3,85,176,27.44059917355372,Yoga,0,Medium
508,62,Male,22,14,67,173,22.386314277122523,None,1,Medium
509,39,Male,5,17,44,172,14.872904272579774,Spinning,0,Low
510,68,Female,51,2,60,159,23.73323840037973,Yoga,0,Low
511,66,Male,50,20,75,163,28.228386465429637,Zumba,0,Medium
512,60,Female,13,3,65,179,20.286507911738084,Yoga,1,Low
513,24,Male,19,17,41,158,16.423650056080753,Spinning,0,Medium
514,26,Female,44,6,13,172,4.3942671714440245,Spinning,0,Low
515,39,Male,17,24,47,177,15.00207475501931,None,0,High
516,53,Male,2,6,99,186,28.61602497398543,Spinning,0,High
517,45,Female,37,27,43,159,17.008820853605474,Yoga,1,Medium
518,45,Female,21,30,102,154,43.008939112835215,Pilates,0,High
519,26,Female,19,16,93,158,37.25364524915878,Spinning,1,Low
520,49,Female,10,29,83,161,32.02036958450677,Pilates,0,High
521,18,Female,40,16,48,170,16.60899653979239,None,0,Low
522,47,Male,33,9,81,150,36.0,Pilates,1,Medium
523,51,Male,16,25,73,157,29.61580591504726,Spinning,0,Medium
524,67,Male,12,17,83,170,28.719723183391007,None,0,Low
525,37,Male,24,21,100,182,30.189590629151066,None,0,Low
526,25,Female,3,25,55,165,20.202020202020204,Yoga,0,Medium
527,23,Male,54,22,78,184,23.03875236294896,None,1,Low
528,50,Male,24,22,42,174,13.87237415774871,Spinning,0,Medium
529,61,Female,16,22,76,169,26.609712545078956,Spinning,0,Medium
530,62,Female,17,23,64,168,22.67573696145125,Spinning,0,High
531,33,Male,6,17,32,183,9.5553763922482,Yoga,0,Low
532,48,Female,44,3,41,180,12.65432098765432,Spinning,0,Medium
533,31,Female,21,7,77,164,28.628792385484836,Spinning,1,Medium
534,25,Female,34,5,60,170,20.761245674740486,Spinning,0,High
535,38,Female,9,11,80,160,31.249999999999993,Spinning,0,High
536,55,Male,17,5,87,136,47.0371972318339,Yoga,1,Low
537,60,Female,51,18,62,166,22.49963710262738,Pilates,0,Low
538,32,Male,38,5,83,183,24.78425751739377,Pilates,0,Medium
539,55,Female,14,11,104,163,39.14336256539576,Yoga,0,Medium
540,48,Male,31,18,56,172,18.92915089237426,Spinning,0,High
541,24,Male,17,24,36,157,14.60505497180413,Spinning,0,Medium
542,29,Female,42,23,67,179,20.91070815517618,None,1,Low
543,60,Female,26,13,44,172,14.872904272579774,Pilates,0,Low
544,58,Female,26,23,86,162,32.769394909312595,None,0,High
545,31,Male,46,9,78,181,23.808797045267237,Zumba,0,Low
546,41,Male,38,17,63,165,23.140495867768596,None,0,Low
547,52,Male,34,13,118,161,45.52293507194938,Yoga,0,High
548,37,Male,57,4,67,158,26.83864765261977,None,0,Medium
549,68,Female,18,18,63,165,23.140495867768596,Spinning,0,Low
550,48,Male,28,21,91,147,42.112082928409464,Yoga,0,Low
551,42,Female,56,15,82,178,25.88057063502083,Zumba,0,Medium
552,43,Male,29,13,42,174,13.87237415774871,Zumba,1,Medium
553,60,Female,60,9,79,171,27.01685988851271,Spinning,0,High
554,64,Female,5,12,68,176,21.952479338842977,Spinning,0,Medium
555,64,Female,32,19,53,178,16.72768589824517,Yoga,0,Low
556,35,Female,24,14,94,157,38.135421315266335,Zumba,0,High
557,35,Male,14,29,61,157,24.747454257779218,None,0,Medium
558,20,Female,9,27,42,174,13.87237415774871,Zumba,0,Medium
559,61,Female,3,29,50,169,17.506389832288786,Zumba,0,Medium
560,46,Male,46,6,61,169,21.35779559539232,Pilates,0,Medium
561,52,Female,18,8,66,165,24.242424242424246,None,0,Low
562,35,Male,54,29,59,162,22.481329065691202,None,1,Low
563,27,Male,38,17,66,161,25.461980633463213,None,0,Medium
564,24,Female,47,8,64,178,20.199469763918696,Zumba,1,Medium
565,52,Female,57,16,65,155,27.055150884495315,None,0,High
566,49,Male,55,25,72,155,29.968782518210194,None,0,Low
567,36,Male,21,10,80,174,26.42356982428326,Spinning,1,Low
568,20,Female,59,22,93,178,29.352354500694357,Spinning,1,Low
569,42,Male,22,2,70,165,25.71166207529844,Yoga,0,High
570,43,Male,51,24,74,165,27.180899908172638,Pilates,0,High
571,53,Female,58,12,57,163,21.453573713726524,None,0,High
572,36,Female,52,30,64,160,24.999999999999996,Yoga,1,Low
573,32,Male,20,18,68,171,23.25501863821347,Pilates,1,Medium
574,33,Female,48,25,88,172,29.745808545159548,Yoga,0,High
575,39,Male,32,6,60,161,23.147255121330193,Spinning,1,Medium
576,68,Male,20,6,59,164,21.936347412254616,Yoga,0,High
577,23,Female,6,26,71,169,24.859073561850078,Pilates,0,Low
578,52,Male,27,20,88,178,27.77427092538821,Zumba,0,High
579,45,Female,50,3,100,165,36.73094582185492,None,1,High
580,24,Male,27,13,78,169,27.309968138370508,Yoga,0,Medium
581,50,Female,33,28,52,168,18.42403628117914,None,0,High
582,34,Female,20,13,48,179,14.980805842514279,None,1,Medium
583,65,Female,20,24,52,177,16.59804015448945,None,0,High
584,27,Female,8,13,49,167,17.569651116927822,Zumba,1,Low
585,50,Male,17,14,90,160,35.15624999999999,Pilates,0,Medium
586,41,Female,19,30,103,160,40.23437499999999,Spinning,1,Low
587,67,Male,24,25,76,181,23.198315069747565,None,1,Low
588,57,Female,17,29,96,172,32.44997295835587,Spinning,0,Low
589,47,Female,31,16,84,175,27.428571428571427,Pilates,0,High
590,47,Male,1,14,67,156,27.531229454306374,None,0,Low
591,54,Male,35,17,76,169,26.609712545078956,Yoga,0,High
592,58,Female,34,13,80,185,23.37472607742878,Spinning,1,Medium
593,62,Male,47,14,53,158,21.230572023714146,None,1,Medium
594,24,Female,5,23,54,153,23.06805074971165,None,0,Low
595,25,Female,38,2,80,174,26.42356982428326,Pilates,1,Medium
596,46,Female,52,1,43,167,15.418265265875435,None,0,Low
597,60,Female,42,18,46,153,19.650561749754367,None,1,Medium
598,60,Female,4,30,44,186,12.7182333217713,None,1,Low
599,50,Female,6,27,73,174,24.111507464658473,Spinning,1,Low
600,65,Female,15,17,86,177,27.450604870886398,Spinning,1,High
601,23,Female,21,4,47,166,17.056176513282043,Pilates,0,High
602,69,Male,1,4,76,179,23.719609250647608,None,0,Medium
603,67,Female,21,29,99,154,41.74397031539889,Spinning,0,High
604,51,Male,23,14,85,173,28.40054796351365,Yoga,1,Low
605,27,Female,59,19,30,154,12.6496879743633,Yoga,1,Low
606,37,Male,57,9,43,173,14.367336028601022,Zumba,1,Medium
607,25,Female,49,26,75,169,26.25958474843318,Yoga,1,Low
608,24,Female,59,8,50,179,15.605006085952374,None,0,Low
609,64,Male,41,16,82,178,25.88057063502083,Spinning,1,Low
610,49,Male,31,15,50,168,17.71541950113379,Yoga,0,High
611,53,Female,15,5,56,165,20.569329660238754,Yoga,0,Medium
612,37,Male,54,5,68,152,29.43213296398892,None,1,Low
613,58,Female,55,17,81,165,29.752066115702483,Spinning,0,Low
614,21,Female,41,1,65,177,20.747550193111813,None,1,Low
615,63,Male,10,10,75,171,25.64891761567662,Pilates,0,Low
616,31,Male,4,16,58,172,19.60519199567334,Zumba,0,Medium
617,50,Female,31,11,79,174,26.09327520147972,Pilates,1,High
618,65,Male,32,25,112,167,40.15920255297788,Zumba,1,Medium
619,64,Female,33,25,43,153,18.369003374770386,Spinning,1,Medium
620,41,Male,34,1,77,166,27.94309769197271,Spinning,0,Medium
621,28,Female,24,16,79,165,29.017447199265384,Pilates,0,Medium
622,45,Female,50,22,63,157,25.558846200657225,Zumba,0,High
623,63,Male,1,7,60,185,17.531044558071585,None,0,Low
624,27,Male,21,14,63,156,25.88757396449704,Zumba,0,High
625,45,Female,60,30,68,167,24.38237297859371,Yoga,0,Medium
626,62,Male,25,18,85,176,27.44059917355372,None,1,Medium
627,40,Male,31,21,68,157,27.587326057852245,Zumba,0,High
628,62,Male,20,26,85,165,31.22130394857668,Spinning,0,Medium
629,70,Female,51,2,89,153,38.01956512452475,None,1,Medium
630,39,Female,52,15,80,172,27.041644131963228,Zumba,0,High
631,38,Male,56,2,89,170,30.795847750865054,Pilates,1,Medium
632,27,Female,22,2,57,170,19.723183391003463,Pilates,0,High
633,32,Male,24,30,82,168,29.053287981859416,Yoga,0,Low
634,52,Male,16,13,75,156,30.818540433925047,None,0,Low
635,42,Male,16,21,74,186,21.389756041160826,Zumba,1,Medium
636,34,Female,24,23,53,178,16.72768589824517,None,1,Low
637,38,Female,45,27,109,164,40.52647233789412,Spinning,0,Medium
638,45,Male,4,8,74,173,24.725182932941294,Spinning,1,Medium
639,22,Female,17,29,74,177,23.620287912158062,Spinning,0,Low
640,41,Male,45,16,100,180,30.864197530864196,None,0,Low
641,26,Male,24,14,36,195,9.467455621301776,Yoga,0,Medium
642,37,Male,14,13,66,171,22.571047501795427,Zumba,0,Low
643,57,Male,50,27,80,173,26.729927495071667,Pilates,0,Medium
644,58,Female,26,27,62,177,19.789970953429727,Yoga,0,Medium
645,38,Female,29,17,79,183,23.589835468362743,Spinning,0,High
646,41,Male,32,27,33,178,10.415351597020578,Zumba,0,High
647,18,Female,2,12,76,186,21.967857555786793,None,0,Low
648,53,Male,11,5,114,173,38.090146680477126,None,0,Low
649,55,Male,7,18,71,159,28.084332107116012,Pilates,0,High
650,59,Male,60,24,11,187,3.145643284051588,Zumba,0,Low
651,23,Female,43,18,42,162,16.00365797896662,Zumba,0,Medium
652,27,Male,28,1,38,170,13.14878892733564,Spinning,0,Low
653,24,Male,20,13,48,152,20.775623268698062,Zumba,0,High
654,36,Male,28,18,52,167,18.645344042454013,Yoga,0,Low
655,25,Female,45,2,91,158,36.45249158788655,Spinning,0,High
656,24,Male,55,23,42,172,14.196863169280693,Spinning,0,Low
657,53,Female,30,24,64,170,22.145328719723185,Yoga,1,Medium
658,56,Female,11,30,106,160,41.40624999999999,Spinning,0,Medium
659,50,Female,8,30,80,157,32.45567771512029,None,0,Medium
660,28,Female,13,6,69,166,25.039918710988534,Zumba,1,Low
661,42,Male,12,6,51,165,18.73278236914601,Zumba,1,Medium
662,44,Male,54,24,38,179,11.859804625323804,Yoga,0,Low
663,21,Male,31,27,56,170,19.377162629757787,Spinning,1,Low
664,31,Female,48,5,75,171,25.64891761567662,Spinning,0,High
665,19,Male,45,29,71,175,23.183673469387756,Pilates,0,Medium
666,51,Male,50,29,50,180,15.432098765432098,Pilates,0,High
667,39,Female,49,26,49,190,13.573407202216067,Yoga,0,Low
668,30,Female,12,28,89,185,26.004382761139514,Pilates,1,High
669,18,Female,54,3,67,179,20.91070815517618,Yoga,0,Low
670,39,Male,18,28,19,166,6.895050079837422,Zumba,0,Low
671,44,Male,30,2,60,153,25.63116749967961,Pilates,1,Medium
672,57,Male,21,30,77,163,28.981143437841094,None,1,Medium
673,37,Female,25,18,84,176,27.117768595041323,Yoga,0,High
674,62,Female,47,4,89,172,30.08382909680909,Yoga,0,Low
675,61,Female,16,4,51,178,16.09645246812271,Spinning,0,Low
676,39,Female,2,19,77,176,24.857954545454547,Yoga,0,Medium
677,37,Male,45,8,63,167,22.589551436050055,Pilates,1,Medium
678,25,Male,48,8,76,168,26.92743764172336,None,0,Low
679,26,Male,2,15,78,160,30.468749999999993,Spinning,0,Low
680,67,Female,22,21,53,164,19.705532421177875,Pilates,0,Low
681,48,Female,40,23,31,166,11.24981855131369,Spinning,0,Low
682,70,Female,53,10,87,168,30.824829931972793,None,1,Low
683,39,Male,49,12,78,167,27.968016063681024,Spinning,0,Medium
684,50,Male,27,5,80,185,23.37472607742878,Pilates,0,Low
685,22,Female,26,9,108,172,36.50621957815036,Yoga,0,Medium
686,32,Female,56,12,70,183,20.902385858042937,Pilates,1,Low
687,47,Female,54,15,57,162,21.719250114311837,Yoga,0,Low
688,40,Male,55,25,60,148,27.39225712198685,None,1,High
689,66,Female,10,10,88,167,31.553659148768332,None,0,Low
690,29,Male,44,13,84,172,28.393726338561386,Zumba,0,Low
691,34,Female,43,23,49,149,22.071077879374805,Pilates,1,Low
692,48,Female,57,7,24,171,8.207653637016518,Spinning,0,Medium
693,31,Female,33,1,62,177,19.789970953429727,Spinning,0,Medium
694,29,Female,12,5,78,162,29.721079103795148,None,1,High
695,20,Male,1,4,44,171,15.047365001196951,None,1,High
696,46,Female,48,26,90,165,33.057851239669425,Pilates,1,Low
697,32,Female,18,20,50,176,16.141528925619834,Spinning,0,High
698,46,Male,29,13,89,175,29.06122448979592,Spinning,0,High
699,62,Male,36,24,67,171,22.91303307000445,None,0,High
700,23,Female,4,9,70,176,22.59814049586777,Yoga,0,Low
701,53,Male,47,15,56,152,24.238227146814403,Spinning,1,Medium
702,19,Male,43,16,63,172,21.29529475392104,Spinning,0,Low
703,61,Female,51,10,65,163,24.46460160337235,None,0,Low
704,40,Male,39,14,82,182,24.755464315903875,Zumba,0,High
705,28,Female,18,9,54,164,20.077334919690664,None,1,High
706,48,Male,21,6,101,177,32.23850106929682,Spinning,1,Low
707,70,Male,30,22,108,160,42.18749999999999,None,1,Low
708,34,Female,26,28,95,185,27.757487216946675,Yoga,1,Low
709,25,Female,26,17,59,191,16.17280228063924,Zumba,0,High
710,32,Female,57,17,74,189,20.71610537219003,Pilates,0,Low
711,56,Female,56,15,73,176,23.56663223140496,Yoga,0,Low
712,65,Male,5,1,85,189,23.79552644102909,Spinning,1,Medium
713,27,Male,51,4,83,164,30.859607376561577,Pilates,0,Low
714,19,Female,33,24,91,162,34.67459228776101,Pilates,0,High
715,50,Female,20,14,93,150,41.333333333333336,Spinning,1,Low
716,26,Female,25,13,89,179,27.776910832995224,Zumba,0,High
717,52,Female,8,1,35,182,10.566356720202874,Zumba,0,Low
718,67,Male,40,8,92,151,40.349107495285295,Zumba,1,High
719,25,Female,26,30,82,185,23.959094229364496,Spinning,1,High
720,33,Male,7,27,57,191,15.624571694854856,Spinning,0,High
721,38,Female,20,25,88,175,28.73469387755102,Pilates,0,Low
722,58,Male,11,22,67,179,20.91070815517618,Pilates,0,Low
723,22,Male,53,2,56,164,20.820939916716245,Spinning,0,Medium
724,66,Male,54,29,66,164,24.538964901844146,None,0,Medium
725,45,Female,49,26,96,160,37.49999999999999,None,0,High
726,33,Female,17,20,104,195,27.350427350427353,None,0,High
727,50,Female,14,24,73,156,29.996712689020377,Spinning,0,Low
728,66,Male,38,14,89,168,31.533446712018144,Pilates,0,High
729,35,Male,12,8,43,159,17.008820853605474,None,0,Medium
730,67,Male,2,23,49,165,17.99816345270891,None,0,Medium
731,66,Male,30,23,64,166,23.225431847873423,Pilates,0,Medium
732,70,Male,10,20,69,161,26.61934338952972,Zumba,0,Low
733,20,Male,54,8,59,179,18.413907181423802,Pilates,0,Medium
734,35,Male,29,5,24,174,7.927070947284978,Spinning,0,High
735,28,Female,49,12,81,162,30.864197530864192,Pilates,0,High
736,29,Male,39,21,63,164,23.423557406305775,Yoga,0,Low
737,56,Female,46,18,62,172,20.9572742022715,Spinning,1,High
738,45,Female,20,3,62,166,22.49963710262738,Yoga,1,Medium
739,26,Male,32,2,68,171,23.25501863821347,Pilates,0,Low
740,31,Female,27,17,77,165,28.282828282828287,Zumba,0,High
741,62,Female,5,11,45,173,15.035584215977813,Yoga,0,Low
742,29,Male,8,6,55,165,20.202020202020204,None,0,High
743,70,Female,10,12,81,173,27.064051588760066,None,1,High
744,48,Female,15,8,50,184,14.768431001890358,Spinning,1,Medium
745,65,Female,18,1,75,179,23.40750912892856,Zumba,0,High
746,18,Male,8,11,86,167,30.83653053175087,Pilates,0,Low
747,61,Female,14,23,80,189,22.395789591556788,Yoga,1,Low
748,24,Female,49,1,90,181,27.471688898385274,Zumba,1,Low
749,55,Female,27,5,65,159,25.71100826707804,Spinning,0,Medium
750,61,Female,13,5,65,180,20.061728395061728,Pilates,0,High
751,46,Female,44,19,88,169,30.811246104828268,Zumba,0,Low
752,19,Male,33,20,80,166,29.03178980984178,None,0,High
753,65,Female,13,16,74,190,20.498614958448755,Yoga,0,Medium
754,49,Female,28,21,76,166,27.58020031934969,Spinning,1,High
755,63,Male,25,2,66,166,23.95122659311947,Yoga,1,Medium
756,24,Male,55,30,47,177,15.00207475501931,Yoga,0,Low
757,47,Female,41,15,71,189,19.87626326250665,None,0,High
758,21,Male,12,23,97,176,31.31456611570248,Spinning,0,High
759,38,Female,48,9,71,182,21.434609346697258,Pilates,0,Medium
760,23,Male,29,6,98,171,33.51458568448412,Pilates,0,High
761,39,Male,55,24,48,169,16.806134238997235,Pilates,1,High
762,55,Female,20,13,48,171,16.415307274033037,Yoga,1,Low
763,61,Male,46,23,102,152,44.14819944598338,None,1,Medium
764,52,Male,53,12,70,183,20.902385858042937,Zumba,0,Low
765,62,Female,3,30,47,169,16.45600644235146,Yoga,1,High
766,55,Male,20,25,24,165,8.81542699724518,Yoga,0,Medium
767,56,Female,7,19,115,180,35.49382716049382,Spinning,0,Medium
768,25,Male,54,13,66,158,26.43807082198365,None,0,High
769,66,Female,43,13,67,184,19.78969754253308,Zumba,1,High
770,63,Female,53,8,75,169,26.25958474843318,Pilates,0,Low
771,55,Male,16,3,64,155,26.638917793964616,None,0,High
772,26,Female,55,13,73,166,26.491508201480624,None,0,Medium
773,19,Female,34,12,55,175,17.959183673469386,Zumba,1,High
774,21,Male,19,5,78,165,28.650137741046834,Pilates,0,Low
775,34,Male,24,10,64,168,22.67573696145125,Pilates,0,Low
776,68,Male,56,14,56,170,19.377162629757787,Spinning,0,Low
777,38,Female,39,13,58,170,20.06920415224914,Pilates,0,Medium
778,25,Male,48,26,56,166,20.322252866889244,None,0,Medium
779,49,Male,10,12,67,163,25.21735857578381,None,1,High
780,62,Male,1,7,65,169,22.758306781975424,Zumba,1,High
781,31,Female,34,30,54,148,24.653031409788166,Zumba,0,High
782,56,Male,31,24,88,171,30.094730002393902,Yoga,1,Low
783,50,Male,40,11,88,168,31.17913832199547,Pilates,0,High
784,20,Male,32,11,59,162,22.481329065691202,Zumba,0,Low
785,42,Male,9,30,51,147,23.601277245592115,Zumba,1,High
786,68,Female,36,22,73,200,18.25,None,0,Low
787,53,Female,14,2,59,147,27.303438382155587,Pilates,0,Low
788,38,Female,19,27,64,184,18.90359168241966,Yoga,0,High
789,33,Female,11,22,100,171,34.19855682090216,Pilates,1,Low
790,21,Female,40,9,69,162,26.291723822588015,Spinning,0,High
791,29,Female,3,23,74,167,26.533758829646096,Spinning,0,Low
792,63,Female,34,13,62,174,20.478266613819528,Yoga,0,Medium
793,44,Female,40,16,63,178,19.883853048857468,Spinning,0,Medium
794,62,Female,55,4,72,186,20.811654526534856,Zumba,0,High
795,31,Female,47,13,94,165,34.527089072543625,None,1,High
796,43,Male,8,23,42,184,12.4054820415879,Pilates,1,Low
797,27,Male,8,25,89,185,26.004382761139514,Yoga,1,Medium
798,21,Female,11,23,85,173,28.40054796351365,Yoga,0,High
799,43,Female,16,11,80,173,26.729927495071667,None,1,Medium
800,56,Male,21,22,85,177,27.13141179099237,Spinning,1,High
801,55,Female,31,12,116,170,40.13840830449828,Pilates,0,Low
802,32,Male,21,10,42,181,12.820121485913129,Zumba,0,High
803,42,Female,41,3,65,163,24.46460160337235,Spinning,0,Low
804,34,Female,51,4,84,192,22.786458333333336,Yoga,1,High
805,18,Male,50,14,54,168,19.13265306122449,Pilates,1,Medium
806,38,Female,17,18,73,179,22.783308885490467,Yoga,0,Low
807,29,Male,11,4,98,159,38.764289387286894,Zumba,1,High
808,24,Male,11,6,86,190,23.822714681440445,Spinning,0,Low
809,32,Female,59,21,79,176,25.50361570247934,None,0,Medium
810,36,Male,6,25,61,173,20.381569714992146,Spinning,0,Low
811,46,Male,30,14,41,167,14.701136648857974,Yoga,0,Medium
812,50,Female,17,4,55,163,20.70081674131507,None,0,Low
813,56,Female,13,20,77,183,22.99262444384723,None,0,Low
814,40,Male,13,23,118,161,45.52293507194938,Zumba,0,Low
815,31,Female,26,19,49,171,16.75729284224206,Spinning,1,Medium
816,45,Male,52,6,82,160,32.03124999999999,None,0,Medium
817,51,Female,43,15,63,186,18.210197710718,None,0,High
818,36,Male,18,17,99,169,34.6626518679318,Zumba,0,Medium
819,41,Female,20,9,53,155,22.060353798126947,Spinning,1,Low
820,40,Male,23,4,63,167,22.589551436050055,Pilates,0,High
821,35,Male,33,3,53,151,23.244594535327398,None,1,High
822,65,Female,1,14,62,170,21.453287197231838,Spinning,0,High
823,38,Female,52,3,82,162,31.24523700655387,Zumba,0,Low
824,52,Male,60,26,78,171,26.674874320303687,Spinning,1,Low
825,52,Female,23,23,43,161,16.58886617028664,Yoga,0,High
826,31,Female,36,6,110,177,35.111238788343066,Zumba,1,Medium
827,20,Male,58,13,88,180,27.160493827160494,None,0,Low
828,34,Male,54,11,71,181,21.672110130948383,Spinning,1,Low
829,66,Female,60,19,72,175,23.510204081632654,Spinning,1,Low
830,26,Female,30,25,52,173,17.374452871796585,Zumba,0,High
831,60,Female,51,2,51,165,18.73278236914601,Spinning,0,High
832,47,Female,9,23,70,176,22.59814049586777,Zumba,0,Medium
833,41,Female,56,19,75,152,32.46191135734072,None,1,High
834,44,Male,36,21,96,167,34.42217361683818,Pilates,1,High
835,45,Female,28,28,71,179,22.15910864205237,Zumba,0,High
836,39,Female,46,28,56,179,17.477606816266658,Spinning,0,Low
837,45,Female,12,12,81,155,33.71488033298647,None,0,High
838,58,Female,51,25,104,167,37.29068808490803,Zumba,1,Low
839,54,Female,38,26,77,151,33.77044866453226,Zumba,1,Low
840,28,Female,27,21,85,157,34.484157572315304,Spinning,1,Low
841,28,Male,35,8,46,170,15.91695501730104,Yoga,0,High
842,68,Male,21,22,65,162,24.76756591982929,Pilates,1,High
843,43,Female,5,16,75,165,27.548209366391188,Pilates,0,High
844,47,Male,14,12,53,171,18.125235115078144,Pilates,0,Low
845,37,Male,29,10,61,173,20.381569714992146,Pilates,0,Medium
846,41,Male,4,2,55,160,21.484374999999996,Yoga,1,Low
847,41,Male,2,8,82,178,25.88057063502083,Pilates,1,Medium
848,40,Female,12,15,86,164,31.975014872099948,None,0,Low
849,19,Female,27,10,70,164,26.026174895895306,Pilates,0,Low
850,25,Female,9,19,91,185,26.588750913075234,Pilates,1,Medium
851,22,Female,3,21,89,171,30.436715570602924,Pilates,0,High
852,33,Female,22,7,47,169,16.45600644235146,Spinning,1,Low
853,28,Male,32,6,51,161,19.675166853130666,Zumba,1,Medium
854,55,Male,14,17,91,177,29.046570270356536,None,0,Medium
855,44,Female,26,26,61,172,20.61925365062196,Pilates,1,Medium
856,41,Female,6,22,66,181,20.1459051921492,None,1,High
857,46,Female,37,27,48,165,17.63085399449036,None,1,Medium
858,55,Male,18,1,56,163,21.077195227520797,Zumba,0,Low
859,38,Male,25,4,49,182,14.792899408284022,Yoga,0,Medium
860,41,Male,48,2,78,189,21.83589485176787,Zumba,1,High
861,63,Female,50,10,56,165,20.569329660238754,Spinning,1,Medium
862,35,Male,48,9,61,171,20.86111966075032,Zumba,0,High
863,42,Male,38,12,88,177,28.088991030674453,Zumba,0,High
864,65,Male,20,18,71,148,32.414170927684445,Zumba,0,High
865,50,Male,37,17,50,164,18.590124925639504,None,1,High
866,60,Male,59,21,76,167,27.250887446663558,Spinning,0,Medium
867,34,Female,16,25,79,186,22.835009827725745,Yoga,0,Low
868,51,Male,3,11,76,176,24.535123966942148,Zumba,0,Medium
869,58,Female,45,9,68,166,24.677021338365513,Pilates,0,Low
870,67,Male,58,25,39,164,14.500297441998812,Yoga,1,Low
871,25,Male,12,12,73,176,23.56663223140496,None,0,High
872,36,Female,17,29,57,165,20.936639118457304,Pilates,0,Medium
873,26,Female,6,22,61,161,23.533042706685695,Pilates,1,High
874,34,Female,1,17,86,162,32.769394909312595,Pilates,1,Medium
875,19,Male,52,4,45,170,15.570934256055365,Spinning,0,Medium
876,36,Male,44,27,51,180,15.74074074074074,Yoga,0,Low
877,40,Female,33,3,78,161,30.091431657729252,Zumba,0,Medium
878,52,Female,1,18,47,190,13.019390581717452,Zumba,0,Medium
879,25,Female,60,1,33,166,11.975613296559734,Zumba,1,Medium
880,24,Female,58,24,77,170,26.643598615916957,None,0,Medium
881,63,Male,7,9,52,187,14.870313706425689,Zumba,1,Low
882,50,Male,36,18,47,178,14.833985607877793,Zumba,0,Medium
883,59,Male,7,15,88,173,29.402920244578837,Yoga,1,High
884,31,Female,28,14,79,164,29.372397382510414,Yoga,0,Low
885,70,Male,33,2,84,165,30.85399449035813,Zumba,0,High
886,27,Female,20,23,73,162,27.815881725346742,Pilates,0,High
887,25,Male,51,6,54,166,19.5964581216432,Yoga,0,Low
888,52,Female,47,23,83,169,29.060607121599386,Pilates,1,Medium
889,61,Male,46,17,38,183,11.347009465794738,Spinning,0,High
890,66,Female,35,27,105,174,34.68093539437178,Spinning,0,High
891,19,Female,12,15,63,172,21.29529475392104,Pilates,1,Low
892,67,Female,10,21,79,185,23.08254200146092,Spinning,1,Low
893,54,Female,42,5,51,178,16.09645246812271,Pilates,0,Low
894,22,Male,32,27,39,160,15.234374999999996,Spinning,1,High
895,52,Female,6,19,91,163,34.25044224472129,None,0,Low
896,32,Male,59,17,85,172,28.73174689021093,Zumba,0,Medium
897,63,Male,18,4,78,176,25.180785123966942,Spinning,1,High
898,63,Female,17,30,58,177,18.513198633853616,Zumba,1,Medium
899,68,Male,47,26,49,183,14.631670100630055,Pilates,0,Low
900,49,Female,13,10,74,181,22.587833094227893,Spinning,0,High
901,24,Female,26,6,34,167,12.191186489296856,None,1,Low
902,23,Female,53,6,95,161,36.64982060877281,Yoga,1,Low
903,65,Male,21,6,70,189,19.59631589261219,Yoga,0,Medium
904,49,Male,54,8,65,157,26.370238143535232,Spinning,0,Medium
905,60,Female,53,5,0,164,0.0,Spinning,0,Low
906,36,Male,52,12,85,154,35.84078259402935,Spinning,0,High
907,43,Male,3,14,67,173,22.386314277122523,Zumba,1,Low
908,61,Male,53,27,75,186,21.678806798473808,Zumba,0,High
909,50,Male,50,16,88,167,31.553659148768332,Pilates,0,Low
910,33,Male,37,10,45,169,15.75575084905991,Spinning,1,Medium
911,41,Male,42,25,68,182,20.528921627822726,Yoga,0,Low
912,69,Male,37,14,86,171,29.410758865975858,Yoga,1,High
913,54,Male,28,18,97,167,34.78073792534691,Zumba,1,High
914,68,Female,22,9,57,185,16.654492330168004,Spinning,0,High
915,31,Male,20,7,63,175,20.571428571428573,None,1,Low
916,34,Male,47,15,99,166,35.9268398896792,Spinning,0,Medium
917,24,Male,49,7,69,186,19.944502254595903,Pilates,1,Medium
918,25,Female,19,26,70,170,24.221453287197235,Spinning,0,Low
919,39,Male,7,28,82,150,36.44444444444444,None,0,High
920,46,Female,36,10,80,166,29.03178980984178,None,1,High
921,29,Male,50,15,105,182,31.69907016060862,Pilates,0,High
922,32,Male,42,3,89,166,32.29786616344898,Spinning,0,High
923,46,Female,6,30,38,171,12.995451591942821,Yoga,0,High
924,34,Female,42,28,71,152,30.730609418282548,None,0,Medium
925,61,Male,19,24,71,164,26.397977394408095,Spinning,0,Medium
926,66,Male,2,29,69,174,22.79032897344431,None,0,Low
927,32,Female,37,15,81,166,29.3946871824648,Pilates,0,Medium
928,25,Female,9,5,56,175,18.285714285714285,Zumba,0,Medium
929,52,Male,32,10,86,164,31.975014872099948,Pilates,0,High
930,22,Male,44,22,43,153,18.369003374770386,Yoga,0,High
931,32,Female,24,15,95,158,38.05479891043102,Spinning,1,Medium
932,37,Female,6,1,32,180,9.876543209876543,Zumba,0,Medium
933,44,Female,25,16,60,168,21.258503401360546,Spinning,1,High
934,18,Male,26,21,52,159,20.56880661366243,Spinning,1,High
935,68,Female,48,24,89,172,30.08382909680909,Pilates,0,Medium
936,19,Female,59,2,43,168,15.235260770975058,Pilates,0,High
937,66,Female,15,29,41,164,15.243902439024392,None,0,Low
938,25,Male,24,8,52,173,17.374452871796585,Yoga,0,Medium
939,21,Female,42,20,67,187,19.159827275586945,Spinning,1,Low
940,21,Female,50,5,105,169,36.76341864780645,Pilates,0,Medium
941,42,Female,43,15,38,168,13.46371882086168,None,1,High
942,64,Male,25,23,101,183,30.15915673803338,Yoga,0,Medium
943,70,Male,59,7,71,172,23.99945916711736,Yoga,0,High
944,66,Male,25,3,71,158,28.44095497516423,None,0,Low
945,66,Male,5,7,44,168,15.589569160997735,Zumba,0,High
946,49,Male,1,4,54,169,18.906901018871892,Spinning,0,Low
947,20,Male,29,12,65,176,20.983987603305785,Yoga,0,Low
948,55,Female,55,18,98,155,40.79084287200832,Spinning,0,High
949,23,Male,28,8,57,163,21.453573713726524,Spinning,0,High
950,43,Female,15,27,91,176,29.3775826446281,Pilates,0,Low
951,65,Female,42,23,111,164,41.2700773349197,Spinning,1,Medium
952,58,Female,50,23,60,167,21.513858510523864,None,0,Medium
953,44,Female,58,7,75,180,23.148148148148145,Zumba,1,Medium
954,20,Male,1,29,66,179,20.598608033457133,None,0,High
955,52,Female,40,23,37,181,11.293916547113946,Yoga,1,Medium
956,54,Female,9,5,60,179,18.726007303142847,None,0,Low
957,59,Female,41,21,53,166,19.233560749020178,Yoga,1,High
958,32,Female,39,15,93,151,40.78768475066883,Pilates,1,High
959,19,Male,23,22,84,170,29.065743944636683,None,1,Medium
960,35,Female,2,9,56,178,17.67453604342886,Yoga,0,Low
961,26,Male,39,5,114,156,46.84418145956607,None,0,Medium
962,37,Female,54,4,104,162,39.62810547172686,Yoga,0,Low
963,30,Female,6,8,85,167,30.477966223242138,Zumba,0,Medium
964,62,Male,59,6,100,180,30.864197530864196,Yoga,0,Low
965,42,Female,56,11,94,166,34.11235302656409,Spinning,1,High
966,46,Male,29,29,83,187,23.735308416025617,Spinning,1,High
967,44,Male,58,25,104,172,35.154137371552196,Pilates,1,Low
968,43,Female,27,19,61,179,19.038107424861895,Pilates,0,High
969,68,Male,32,2,111,165,40.77134986225896,Pilates,0,High
970,29,Male,39,8,115,160,44.92187499999999,Zumba,0,Low
971,43,Male,17,16,85,163,31.992171327486922,None,0,Medium
972,46,Male,23,1,63,167,22.589551436050055,None,1,Medium
973,44,Female,16,25,45,169,15.75575084905991,Spinning,0,Low
974,62,Female,33,2,24,180,7.4074074074074066,Spinning,0,High
975,50,Male,48,2,58,174,19.157088122605362,Pilates,1,Medium
976,36,Female,5,10,85,174,28.075042938300964,Zumba,1,High
977,60,Male,23,19,61,174,20.147971991015986,Spinning,1,High
978,59,Male,6,4,74,166,26.854405574103644,Pilates,0,Medium
979,41,Female,33,29,41,174,13.54207953494517,Yoga,0,High
980,66,Male,10,18,76,177,24.258674071946118,Yoga,1,High
981,50,Female,53,17,41,174,13.54207953494517,Pilates,0,Low
982,40,Male,25,22,46,162,17.527815881725342,Pilates,1,High
983,43,Male,20,16,56,175,18.285714285714285,Yoga,0,Low
984,24,Female,35,11,84,174,27.74474831549742,Zumba,0,Low
985,42,Female,60,30,37,187,10.580800137264433,Pilates,1,Medium
986,53,Male,52,9,63,172,21.29529475392104,Yoga,1,High
987,37,Female,43,25,111,176,35.834194214876035,Zumba,1,High
988,29,Male,23,5,66,181,20.1459051921492,Pilates,0,Low
989,21,Male,47,24,72,179,22.47120876377142,Pilates,0,Medium
990,51,Female,36,30,59,162,22.481329065691202,Pilates,0,Medium
991,25,Female,13,7,78,172,26.365603028664147,Spinning,0,High
992,52,Male,26,6,33,160,12.890624999999998,Yoga,0,Low
993,35,Female,24,20,44,162,16.76573693034598,Zumba,0,High
994,48,Male,31,21,69,168,24.44727891156463,Zumba,0,Medium
995,69,Female,1,5,57,163,21.453573713726524,Yoga,0,Medium
996,54,Male,31,23,18,186,5.202913631633714,Yoga,1,High
997,54,Male,40,14,79,173,26.395803401383272,None,0,Medium
998,60,Female,32,30,88,162,33.53147386069196,Zumba,1,Low
999,60,Female,27,2,61,169,21.35779559539232,None,0,High
1000,47,Female,43,21,82,182,24.755464315903875,Yoga,0,High
